Name,Chromosome,Position,rsID,Reference,Alternate,Protein Consequence,Transcript Consequence,Annotation,Flags,Allele Count,Allele Number,Allele Frequency,Homozygote Count,Hemizygote Count,Variant ID
OR1L3,9,125437363,rs773085655,T,C,,c.-46T>C,5_prime_UTR_variant,,2,183866,1.087748686543461e-05,0,0,9-125437363-T-C
OR1L3,9,125437366,rs1346523080,C,T,,c.-43C>T,5_prime_UTR_variant,,1,185572,5.388743991550449e-06,0,0,9-125437366-C-T
OR1L3,9,125437373,rs762599916,T,G,,c.-36T>G,5_prime_UTR_variant,,1,188810,5.296329643557015e-06,0,0,9-125437373-T-G
OR1L3,9,125437377,rs766062107,A,C,,c.-32A>C,5_prime_UTR_variant,,3,191108,1.5697929966301776e-05,0,0,9-125437377-A-C
OR1L3,9,125437388,rs560241423,T,C,,c.-21T>C,5_prime_UTR_variant,,4,201708,1.983064628076229e-05,0,0,9-125437388-T-C
OR1L3,9,125437397,rs752595318,G,C,,c.-12G>C,5_prime_UTR_variant,,1,211692,4.723844075354761e-06,0,0,9-125437397-G-C
OR1L3,9,125437397,rs752595318,GAGTACA,G,,c.-8_-3delACAAGT,5_prime_UTR_variant,,1,211692,4.723844075354761e-06,0,0,9-125437397-GAGTACA-G
OR1L3,9,125437405,rs767053092,G,C,,c.-4G>C,5_prime_UTR_variant,,1,232898,4.293725150065694e-06,0,0,9-125437405-G-C
OR1L3,9,125437405,rs767053092,G,A,,c.-4G>A,5_prime_UTR_variant,,1,232898,4.293725150065694e-06,0,0,9-125437405-G-A
OR1L3,9,125437409,rs1011258767,A,G,p.Met1?,c.1A>G,start_lost,,2,235136,8.505715841045183e-06,0,0,9-125437409-A-G
OR1L3,9,125437410,rs35421332,T,C,p.Met1?,c.2T>C,start_lost,,3,235168,1.2756837664988434e-05,0,0,9-125437410-T-C
OR1L3,9,125437414,rs1211261147,A,C,c.6A>C(p.=),c.6A>C,synonymous_variant,,0,237726,0,0,0,9-125437414-A-C
OR1L3,9,125437419,rs1269407777,C,T,p.Ser4Phe,c.11C>T,missense_variant,,1,240024,4.166250041662501e-06,0,0,9-125437419-C-T
OR1L3,9,125437428,rs369781468,C,T,p.Thr7Ile,c.20C>T,missense_variant,,1,245132,4.079434753520552e-06,0,0,9-125437428-C-T
OR1L3,9,125437429,rs765603444,A,G,c.21A>G(p.=),c.21A>G,synonymous_variant,,1,245738,4.069374699883616e-06,0,0,9-125437429-A-G
OR1L3,9,125437432,rs1424072577,ACT,A,p.Ser10Ter,c.29_30delCT,frameshift_variant,lof_flag,1,246164,4.062332428787312e-06,0,0,9-125437432-ACT-A
OR1L3,9,125437432,rs1424072577,A,T,p.Arg8Ser,c.24A>T,missense_variant,,1,246164,4.062332428787312e-06,0,0,9-125437432-A-T
OR1L3,9,125437448,rs750801199,C,T,p.Leu14Phe,c.40C>T,missense_variant,,3,249842,1.2007588796119148e-05,0,0,9-125437448-C-T
OR1L3,9,125437451,rs758754229,T,C,c.43T>C(p.=),c.43T>C,synonymous_variant,,2,250302,7.990347660026688e-06,0,0,9-125437451-T-C
OR1L3,9,125437453,rs780449692,G,A,c.45G>A(p.=),c.45G>A,synonymous_variant,,1,250290,3.99536537616365e-06,0,0,9-125437453-G-A
OR1L3,9,125437456,rs751875791,A,G,c.48A>G(p.=),c.48A>G,synonymous_variant,,1,250508,3.99188848260335e-06,0,0,9-125437456-A-G
OR1L3,9,125437461,rs377223632,C,T,p.Ser18Phe,c.53C>T,missense_variant,,1,250728,3.988385820490731e-06,0,0,9-125437461-C-T
OR1L3,9,125437464,rs781456723,C,T,p.Ser19Phe,c.56C>T,missense_variant,,1,250766,3.987781437674964e-06,0,0,9-125437464-C-T
OR1L3,9,125437466,rs748192147,C,T,p.Arg20Trp,c.58C>T,missense_variant,,10,250700,3.9888312724371757e-05,0,0,9-125437466-C-T
OR1L3,9,125437467,rs769784485,G,A,p.Arg20Gln,c.59G>A,missense_variant,,3,250772,1.1963058076659276e-05,0,0,9-125437467-G-A
OR1L3,9,125437467,rs769784485,G,C,p.Arg20Pro,c.59G>C,missense_variant,,1,250772,3.987686025553092e-06,0,0,9-125437467-G-C
OR1L3,9,125437471,rs1399740142,T,C,c.63T>C(p.=),c.63T>C,synonymous_variant,,1,250896,3.985715196734902e-06,0,0,9-125437471-T-C
OR1L3,9,125437482,rs61100236,G,A,p.Arg25Lys,c.74G>A,missense_variant,,1289,251074,0.005133944574109625,45,0,9-125437482-G-A
OR1L3,9,125437490,rs770689429,T,C,p.Phe28Leu,c.82T>C,missense_variant,,2,251248,7.960262370247724e-06,0,0,9-125437490-T-C
OR1L3,9,125437497,rs1035559441,T,G,p.Leu30Arg,c.89T>G,missense_variant,,1,251304,3.979244261929774e-06,0,0,9-125437497-T-G
OR1L3,9,125437499,,TTTC,T,p.Leu32del,c.94_96delCTT,inframe_deletion,,1,251310,3.979149257888664e-06,0,0,9-125437499-TTTC-T
OR1L3,9,125437503,rs774100198,T,C,p.Leu32Pro,c.95T>C,missense_variant,,2,251334,7.957538574168238e-06,0,0,9-125437503-T-C
OR1L3,9,125437506,rs1311475767,T,A,p.Ile33Asn,c.98T>A,missense_variant,,1,251332,3.978800948546146e-06,0,0,9-125437506-T-A
OR1L3,9,125437508,rs759216928,A,G,p.Ile34Val,c.100A>G,missense_variant,,3,251348,1.193564301287458e-05,0,0,9-125437508-A-G
OR1L3,9,125437509,rs771661667,T,A,p.Ile34Lys,c.101T>A,missense_variant,,3,251358,1.1935168166519465e-05,0,0,9-125437509-T-A
OR1L3,9,125437510,rs549011843,A,G,p.Ile34Met,c.102A>G,missense_variant,,3,251332,1.1936402845638438e-05,0,0,9-125437510-A-G
OR1L3,9,125437514,rs962019458,C,T,c.106C>T(p.=),c.106C>T,synonymous_variant,,1,251356,3.978421044255956e-06,0,0,9-125437514-C-T
OR1L3,9,125437514,rs962019458,C,A,p.Leu36Met,c.106C>A,missense_variant,,1,251356,3.978421044255956e-06,0,0,9-125437514-C-A
OR1L3,9,125437518,rs1214122189,T,A,p.Val37Asp,c.110T>A,missense_variant,,1,251368,3.9782311193151075e-06,0,0,9-125437518-T-A
OR1L3,9,125437519,rs1265019334,C,A,c.111C>A(p.=),c.111C>A,synonymous_variant,,1,251358,3.978389388839822e-06,0,0,9-125437519-C-A
OR1L3,9,125437526,rs1486190790,A,T,p.Met40Leu,c.118A>T,missense_variant,,1,251366,3.97826277221263e-06,0,0,9-125437526-A-T
OR1L3,9,125437535,rs199987024,C,G,p.Leu43Val,c.127C>G,missense_variant,,19,251392,7.557917515274948e-05,0,0,9-125437535-C-G
OR1L3,9,125437541,,A,G,p.Ile45Val,c.133A>G,missense_variant,,1,251384,3.97797791426662e-06,0,0,9-125437541-A-G
OR1L3,9,125437542,rs1255571759,T,A,p.Ile45Asn,c.134T>A,missense_variant,,1,251394,3.977819677478381e-06,0,0,9-125437542-T-A
OR1L3,9,125437543,rs367667552,C,G,p.Ile45Met,c.135C>G,missense_variant,,7,251388,2.784540232628447e-05,0,0,9-125437543-C-G
OR1L3,9,125437547,rs1165739816,T,C,c.139T>C(p.=),c.139T>C,synonymous_variant,,1,251378,3.978072862382547e-06,0,0,9-125437547-T-C
OR1L3,9,125437549,rs374189515,G,C,p.Leu47Phe,c.141G>C,missense_variant,,2,251368,7.956462238630215e-06,0,0,9-125437549-G-C
OR1L3,9,125437550,rs750945332,G,T,p.Ala48Ser,c.142G>T,missense_variant,,0,251308,0,0,0,9-125437550-G-T
OR1L3,9,125437551,rs201420118,C,T,p.Ala48Val,c.143C>T,missense_variant,,10,250642,3.989754310929533e-05,0,0,9-125437551-C-T
OR1L3,9,125437552,rs765203072,T,G,c.144T>G(p.=),c.144T>G,synonymous_variant,,8,251384,3.182382331413296e-05,0,0,9-125437552-T-G
OR1L3,9,125437553,rs367883946,A,G,p.Ile49Val,c.145A>G,missense_variant,,1,251372,3.978167815031109e-06,0,0,9-125437553-A-G
OR1L3,9,125437554,rs1302720799,T,C,p.Ile49Thr,c.146T>C,missense_variant,,1,251376,3.978104512761759e-06,0,0,9-125437554-T-C
OR1L3,9,125437555,rs1376352475,C,T,c.147C>T(p.=),c.147C>T,synonymous_variant,,4,251374,1.5912544654578436e-05,0,0,9-125437555-C-T
OR1L3,9,125437556,rs751937013,C,A,p.His50Asn,c.148C>A,missense_variant,,6,251374,2.3868816981867655e-05,0,0,9-125437556-C-A
OR1L3,9,125437562,rs755275915,G,T,p.Asp52Tyr,c.154G>T,missense_variant,,2,251340,7.957348611442666e-06,0,0,9-125437562-G-T
OR1L3,9,125437568,rs12379744,C,T,p.Arg54Ter,c.160C>T,stop_gained,lof_flag,11,251318,4.3769248521793104e-05,0,0,9-125437568-C-T
OR1L3,9,125437569,rs137858464,G,A,p.Arg54Gln,c.161G>A,missense_variant,,198,251270,0.0007879969753651451,0,0,9-125437569-G-A
OR1L3,9,125437574,rs757547943,CA,C,p.Asn57ThrfsTer7,c.170delA,frameshift_variant,lof_flag,24,251280,9.551098376313276e-05,0,0,9-125437574-CA-C
OR1L3,9,125437583,rs145679912,A,G,p.Met59Val,c.175A>G,missense_variant,,3,251200,1.1942675159235669e-05,0,0,9-125437583-A-G
OR1L3,9,125437584,rs935514950,T,C,p.Met59Thr,c.176T>C,missense_variant,,1,251224,3.9805114161067416e-06,0,0,9-125437584-T-C
OR1L3,9,125437593,rs777895447,T,C,p.Phe62Ser,c.185T>C,missense_variant,,1,251188,3.981081898816823e-06,0,0,9-125437593-T-C
OR1L3,9,125437599,rs1482330499,G,A,p.Ser64Asn,c.191G>A,missense_variant,,1,251008,3.983936766955635e-06,0,0,9-125437599-G-A
OR1L3,9,125437602,rs149460922,T,A,p.Ile65Asn,c.194T>A,missense_variant,,1,251104,3.9824136612718235e-06,0,0,9-125437602-T-A
OR1L3,9,125437603,rs770861361,C,T,c.195C>T(p.=),c.195C>T,synonymous_variant,,3,251076,1.1948573340343163e-05,0,0,9-125437603-C-T
OR1L3,9,125437606,rs778701793,G,T,p.Leu66Phe,c.198G>T,missense_variant,,2,251032,7.967111762643806e-06,0,0,9-125437606-G-T
OR1L3,9,125437607,rs913963481,T,C,p.Ser67Pro,c.199T>C,missense_variant,,3,251064,1.1949144441258006e-05,0,0,9-125437607-T-C
OR1L3,9,125437608,rs550222553,C,G,p.Ser67Cys,c.200C>G,missense_variant,,1,251040,3.983428935627788e-06,0,0,9-125437608-C-G
OR1L3,9,125437608,rs550222553,C,T,p.Ser67Phe,c.200C>T,missense_variant,,41,251040,0.00016332058636073932,0,0,9-125437608-C-T
OR1L3,9,125437611,rs143061509,T,C,p.Phe68Ser,c.203T>C,missense_variant,,567,251034,0.002258658189727288,3,0,9-125437611-T-C
OR1L3,9,125437611,rs143061509,T,G,p.Phe68Cys,c.203T>G,missense_variant,,1,251034,3.983524144139838e-06,0,0,9-125437611-T-G
OR1L3,9,125437615,rs1401585259,T,C,c.207T>C(p.=),c.207T>C,synonymous_variant,,1,251040,3.983428935627788e-06,0,0,9-125437615-T-C
OR1L3,9,125437623,rs1176020543,G,A,p.Cys72Tyr,c.215G>A,missense_variant,,1,250990,3.984222478983226e-06,0,0,9-125437623-G-A
OR1L3,9,125437628,rs768097504,A,G,p.Thr74Ala,c.220A>G,missense_variant,,1,251016,3.983809796985053e-06,0,0,9-125437628-A-G
OR1L3,9,125437628,rs768097504,ACAACAGT,A,p.Thr75Ter,c.223_229delACAGTCA,frameshift_variant,lof_flag,2,251016,7.967619593970106e-06,0,0,9-125437628-ACAACAGT-A
OR1L3,9,125437631,rs750683572,ACAGT,A,p.Val76Ter,c.226_229delGTCA,frameshift_variant,lof_flag,3,251052,1.1949715596768797e-05,0,0,9-125437631-ACAGT-A
OR1L3,9,125437631,rs750683572,A,G,p.Thr75Ala,c.223A>G,missense_variant,,1,251052,3.9832385322562654e-06,0,0,9-125437631-A-G
OR1L3,9,125437632,rs372085770,C,G,p.Thr75Arg,c.224C>G,missense_variant,,22,251002,8.764870399439048e-05,0,0,9-125437632-C-G
OR1L3,9,125437634,rs1471231927,G,T,p.Val76Phe,c.226G>T,missense_variant,,0,250996,0,0,0,9-125437634-G-T
OR1L3,9,125437640,rs1336890899,G,T,p.Val78Phe,c.232G>T,missense_variant,,1,251012,3.983873280958679e-06,0,0,9-125437640-G-T
OR1L3,9,125437641,rs1375499716,T,G,p.Val78Gly,c.233T>G,missense_variant,,1,251016,3.983809796985053e-06,0,0,9-125437641-T-G
OR1L3,9,125437642,rs539260978,C,A,c.234C>A(p.=),c.234C>A,synonymous_variant,,1,251006,3.9839685107128915e-06,0,0,9-125437642-C-A
OR1L3,9,125437651,rs200883557,G,A,p.Met81Ile,c.243G>A,missense_variant,,12,251018,4.7805336669083495e-05,0,0,9-125437651-G-A
OR1L3,9,125437654,rs751990133,C,T,c.246C>T(p.=),c.246C>T,synonymous_variant,,3,251038,1.1950382013878376e-05,0,0,9-125437654-C-T
OR1L3,9,125437654,rs751990133,C,G,c.246C>G(p.=),c.246C>G,synonymous_variant,,1,251038,3.983460671292792e-06,0,0,9-125437654-C-G
OR1L3,9,125437655,rs142972365,G,A,p.Val83Met,c.247G>A,missense_variant,,12,251036,4.7801908889561654e-05,0,0,9-125437655-G-A
OR1L3,9,125437661,rs1298889983,T,C,p.Phe85Leu,c.253T>C,missense_variant,,1,251060,3.983111606787222e-06,0,0,9-125437661-T-C
OR1L3,9,125437664,rs56304399,T,G,p.Leu86Val,c.256T>G,missense_variant,,2358,251102,0.009390606207835859,30,0,9-125437664-T-G
OR1L3,9,125437682,rs756096046,A,G,p.Ile92Val,c.274A>G,missense_variant,,4,251126,1.592825912091938e-05,0,0,9-125437682-A-G
OR1L3,9,125437683,rs1263897666,T,C,p.Ile92Thr,c.275T>C,missense_variant,,1,251130,3.9820013538804606e-06,0,0,9-125437683-T-C
OR1L3,9,125437689,rs753903639,A,C,p.Tyr94Ser,c.281A>C,missense_variant,,1,251142,3.98181108695479e-06,0,0,9-125437689-A-C
OR1L3,9,125437692,rs1196991823,C,T,p.Ala95Val,c.284C>T,missense_variant,,1,251144,3.981779377568248e-06,0,0,9-125437692-C-T
OR1L3,9,125437697,rs757199858,T,C,p.Cys97Arg,c.289T>C,missense_variant,,1,251154,3.9816208382108186e-06,0,0,9-125437697-T-C
OR1L3,9,125437701,rs778754903,T,C,p.Leu98Pro,c.293T>C,missense_variant,,14,251126,5.574890692321783e-05,0,0,9-125437701-T-C
OR1L3,9,125437708,rs376969271,G,A,c.300G>A(p.=),c.300G>A,synonymous_variant,,7,251164,2.7870236180344317e-05,0,0,9-125437708-G-A
OR1L3,9,125437709,rs758242536,A,C,p.Met101Leu,c.301A>C,missense_variant,,1,251170,3.981367201496994e-06,0,0,9-125437709-A-C
OR1L3,9,125437711,rs1481737198,GT,G,p.Tyr102IlefsTer9,c.304delT,frameshift_variant,lof_flag,1,251168,3.981398904319021e-06,0,0,9-125437711-GT-G
OR1L3,9,125437720,rs1177707740,C,G,p.Phe104Leu,c.312C>G,missense_variant,,1,251204,3.9808283307590645e-06,0,0,9-125437720-C-G
OR1L3,9,125437722,rs1398922024,T,C,p.Leu105Pro,c.314T>C,missense_variant,,1,251198,3.980923414995342e-06,0,0,9-125437722-T-C
OR1L3,9,125437725,rs16912096,T,C,p.Val106Ala,c.317T>C,missense_variant,,5615,251174,0.02235502082221886,362,0,9-125437725-T-C
OR1L3,9,125437728,rs746677060,T,C,p.Phe107Ser,c.320T>C,missense_variant,,2,251208,7.961529887583199e-06,0,0,9-125437728-T-C
OR1L3,9,125437735,rs780210812,CATAG,C,p.Asp111ValfsTer13,c.332_335delATAG,frameshift_variant,lof_flag,2,251204,7.961656661518129e-06,0,0,9-125437735-CATAG-C
OR1L3,9,125437736,rs768317684,A,G,p.Ile110Val,c.328A>G,missense_variant,,8,251206,3.1846373096184006e-05,0,0,9-125437736-A-G
OR1L3,9,125437737,rs776030536,T,C,p.Ile110Thr,c.329T>C,missense_variant,,1,251204,3.9808283307590645e-06,0,0,9-125437737-T-C
OR1L3,9,125437741,rs747640614,T,C,c.333T>C(p.=),c.333T>C,synonymous_variant,,11,251200,4.378980891719745e-05,0,0,9-125437741-T-C
OR1L3,9,125437742,rs1224064547,A,G,p.Ser112Gly,c.334A>G,missense_variant,,1,251194,3.980986807009721e-06,0,0,9-125437742-A-G
OR1L3,9,125437747,rs777895439,T,C,c.339T>C(p.=),c.339T>C,synonymous_variant,,8,251188,3.184865519053458e-05,0,0,9-125437747-T-C
OR1L3,9,125437747,rs777895439,T,A,p.Tyr113Ter,c.339T>A,stop_gained,lof_flag,1,251188,3.981081898816823e-06,0,0,9-125437747-T-A
OR1L3,9,125437748,rs1317408766,C,T,p.Leu114Phe,c.340C>T,missense_variant,,1,251186,3.981113597095379e-06,0,0,9-125437748-C-T
OR1L3,9,125437755,rs760107014,C,T,p.Ala116Val,c.347C>T,missense_variant,,12,251152,4.777983054086768e-05,0,0,9-125437755-C-T
OR1L3,9,125437755,rs760107014,C,A,p.Ala116Glu,c.347C>A,missense_variant,,1,251152,3.981652545072307e-06,0,0,9-125437755-C-A
OR1L3,9,125437756,rs117289796,G,A,c.348G>A(p.=),c.348G>A,synonymous_variant,,2352,251162,0.00936447392519569,24,0,9-125437756-G-A
OR1L3,9,125437757,rs775893466,G,T,p.Ala117Ser,c.349G>T,missense_variant,,1,251158,3.981557426002755e-06,0,0,9-125437757-G-T
OR1L3,9,125437765,rs760827970,C,G,c.357C>G(p.=),c.357C>G,synonymous_variant,,4,251208,1.5923059775166397e-05,0,0,9-125437765-C-G
OR1L3,9,125437767,rs764316288,T,C,p.Ile120Thr,c.359T>C,missense_variant,,4,251218,1.5922425940816344e-05,0,0,9-125437767-T-C
OR1L3,9,125437769,rs16912099,A,G,p.Asn121Asp,c.361A>G,missense_variant,,9021,251200,0.03591162420382166,1238,0,9-125437769-A-G
OR1L3,9,125437772,rs757393563,C,T,p.Arg122Cys,c.364C>T,missense_variant,,2,251208,7.961529887583199e-06,0,0,9-125437772-C-T
OR1L3,9,125437773,rs546730825,G,A,p.Arg122His,c.365G>A,missense_variant,,9,251186,3.5830022373858416e-05,0,0,9-125437773-G-A
OR1L3,9,125437774,rs750405135,C,T,c.366C>T(p.=),c.366C>T,synonymous_variant,,1,251222,3.980543105301287e-06,0,0,9-125437774-C-T
OR1L3,9,125437777,rs758297685,T,A,p.Cys123Ter,c.369T>A,stop_gained,lof_flag,2,251216,7.961276351824725e-06,0,0,9-125437777-T-A
OR1L3,9,125437780,rs1419604827,A,G,c.372A>G(p.=),c.372A>G,synonymous_variant,,1,251210,3.980733251064846e-06,0,0,9-125437780-A-G
OR1L3,9,125437781,rs779741989,G,A,p.Ala125Thr,c.373G>A,missense_variant,,1,251176,3.981272096060133e-06,0,0,9-125437781-G-A
OR1L3,9,125437782,rs1321110634,C,A,p.Ala125Asp,c.374C>A,missense_variant,,2,251186,7.962227194190759e-06,0,0,9-125437782-C-A
OR1L3,9,125437792,rs148399372,C,T,c.384C>T(p.=),c.384C>T,synonymous_variant,,106,251174,0.00042201820252096156,1,0,9-125437792-C-T
OR1L3,9,125437793,rs754602118,C,A,p.Pro129Thr,c.385C>A,missense_variant,,2,251220,7.961149590000796e-06,0,0,9-125437793-C-A
OR1L3,9,125437796,rs1297533939,T,A,p.Phe130Ile,c.388T>A,missense_variant,,1,251242,3.980226236059258e-06,0,0,9-125437796-T-A
OR1L3,9,125437800,rs780834268,A,G,p.His131Arg,c.392A>G,missense_variant,,1,251230,3.980416351550372e-06,0,0,9-125437800-A-G
OR1L3,9,125437801,rs1432776419,T,A,p.His131Gln,c.393T>A,missense_variant,,1,251242,3.980226236059258e-06,0,0,9-125437801-T-A
OR1L3,9,125437804,rs747801263,T,C,c.396T>C(p.=),c.396T>C,synonymous_variant,,7,251236,2.786224904074257e-05,0,0,9-125437804-T-C
OR1L3,9,125437807,rs1340083446,C,A,c.399C>A(p.=),c.399C>A,synonymous_variant,,1,251204,3.9808283307590645e-06,0,0,9-125437807-C-A
OR1L3,9,125437811,rs1227960561,G,A,p.Val135Ile,c.403G>A,missense_variant,,1,251154,3.9816208382108186e-06,0,0,9-125437811-G-A
OR1L3,9,125437817,rs368393655,A,C,p.Asn137His,c.409A>C,missense_variant,,2,251220,7.961149590000796e-06,0,0,9-125437817-A-C
OR1L3,9,125437819,rs772828607,C,T,c.411C>T(p.=),c.411C>T,synonymous_variant,,1,251178,3.9812403952575465e-06,0,0,9-125437819-C-T
OR1L3,9,125437820,rs61480152,C,T,p.Arg138Cys,c.412C>T,missense_variant,,1013,251190,0.004032803853656595,26,0,9-125437820-C-T
OR1L3,9,125437821,rs372271162,G,A,p.Arg138His,c.413G>A,missense_variant,,3,251150,1.1945052757316345e-05,0,0,9-125437821-G-A
OR1L3,9,125437824,rs775729997,G,C,p.Arg139Thr,c.416G>C,missense_variant,,1,251146,3.98174766868674e-06,0,0,9-125437824-G-C
OR1L3,9,125437824,rs775729997,G,A,p.Arg139Lys,c.416G>A,missense_variant,,1,251146,3.98174766868674e-06,0,0,9-125437824-G-A
OR1L3,9,125437828,rs147172743,C,T,c.420C>T(p.=),c.420C>T,synonymous_variant,,1,251142,3.98181108695479e-06,0,0,9-125437828-C-T
OR1L3,9,125437828,rs147172743,C,CTA,p.Cys141TyrfsTer6,c.421_422insAT,frameshift_variant,lof_flag,1,251142,3.98181108695479e-06,0,0,9-125437828-C-CTA
OR1L3,9,125437829,rs1195936083,T,C,p.Cys141Arg,c.421T>C,missense_variant,,1,251172,3.981335499179845e-06,0,0,9-125437829-T-C
OR1L3,9,125437830,rs200356415,G,GTT,p.Val142LeufsTer5,c.423_424insTT,frameshift_variant,lof_flag,836,251146,0.0033287410510221146,17,0,9-125437830-G-GTT
OR1L3,9,125437830,rs200356415,G,T,p.Cys141Phe,c.422G>T,missense_variant,,1,251146,3.98174766868674e-06,0,0,9-125437830-G-T
OR1L3,9,125437834,rs1242207483,G,A,c.426G>A(p.=),c.426G>A,synonymous_variant,,1,251120,3.98215992354253e-06,0,0,9-125437834-G-A
OR1L3,9,125437840,rs776965522,A,G,c.432A>G(p.=),c.432A>G,synonymous_variant,,1,251134,3.981937929551554e-06,0,0,9-125437840-A-G
OR1L3,9,125437844,rs1161129407,G,C,p.Ala146Pro,c.436G>C,missense_variant,,1,251098,3.982508821257039e-06,0,0,9-125437844-G-C
OR1L3,9,125437856,rs1386656239,A,G,p.Thr150Ala,c.448A>G,missense_variant,,1,251164,3.98146231147776e-06,0,0,9-125437856-A-G
OR1L3,9,125437862,rs761996558,T,G,p.Ser152Ala,c.454T>G,missense_variant,,2,251258,7.95994555397241e-06,0,0,9-125437862-T-G
OR1L3,9,125437863,rs548653902,C,A,p.Ser152Tyr,c.455C>A,missense_variant,,1,251200,3.9808917197452226e-06,0,0,9-125437863-C-A
OR1L3,9,125437863,rs548653902,C,T,p.Ser152Phe,c.455C>T,missense_variant,,1,251200,3.9808917197452226e-06,0,0,9-125437863-C-T
OR1L3,9,125437867,rs765338104,T,C,c.459T>C(p.=),c.459T>C,synonymous_variant,,1,251254,3.98003613872814e-06,0,0,9-125437867-T-C
OR1L3,9,125437870,rs750460042,C,T,c.462C>T(p.=),c.462C>T,synonymous_variant,,5,251286,1.9897646506371227e-05,0,0,9-125437870-C-T
OR1L3,9,125437872,rs112274623,A,T,p.His155Leu,c.464A>T,missense_variant,,202,251256,0.0008039609004362085,0,0,9-125437872-A-T
OR1L3,9,125437874,rs766285174,T,C,p.Ser156Pro,c.466T>C,missense_variant,,2,251310,7.958298515777328e-06,0,0,9-125437874-T-C
OR1L3,9,125437876,rs1327131439,T,C,c.468T>C(p.=),c.468T>C,synonymous_variant,,1,251332,3.978800948546146e-06,0,0,9-125437876-T-C
OR1L3,9,125437884,rs751319483,A,G,p.His159Arg,c.476A>G,missense_variant,,6,251332,2.3872805691276876e-05,0,0,9-125437884-A-G
OR1L3,9,125437886,rs754872664,G,T,p.Val160Phe,c.478G>T,missense_variant,,1,251320,3.978990927900684e-06,0,0,9-125437886-G-T
OR1L3,9,125437887,rs576705691,T,C,p.Val160Ala,c.479T>C,missense_variant,,1,251348,3.978547670958194e-06,0,0,9-125437887-T-C
OR1L3,9,125437887,rs576705691,T,A,p.Val160Asp,c.479T>A,missense_variant,,1,251348,3.978547670958194e-06,0,0,9-125437887-T-A
OR1L3,9,125437889,rs376814057,C,T,p.Leu161Phe,c.481C>T,missense_variant,,7,251358,2.7848725721878755e-05,0,0,9-125437889-C-T
OR1L3,9,125437892,rs144421636,C,T,c.484C>T(p.=),c.484C>T,synonymous_variant,,1,251332,3.978800948546146e-06,0,0,9-125437892-C-T
OR1L3,9,125437894,rs372999173,G,C,c.486G>C(p.=),c.486G>C,synonymous_variant,,2,251308,7.958361850796631e-06,0,0,9-125437894-G-C
OR1L3,9,125437897,rs1285530424,G,C,c.489G>C(p.=),c.489G>C,synonymous_variant,,1,251314,3.979085924381451e-06,0,0,9-125437897-G-C
OR1L3,9,125437899,rs780678535,A,G,p.Asn164Ser,c.491A>G,missense_variant,,1,251348,3.978547670958194e-06,0,0,9-125437899-A-G
OR1L3,9,125437901,rs142794411,C,T,p.Arg165Trp,c.493C>T,missense_variant,,114,251348,0.00045355443448923404,1,0,9-125437901-C-T
OR1L3,9,125437902,rs867065384,G,A,p.Arg165Gln,c.494G>A,missense_variant,,1,251340,3.978674305721333e-06,0,0,9-125437902-G-A
OR1L3,9,125437908,rs139225553,C,T,p.Thr167Ile,c.500C>T,missense_variant,,57,251360,0.00022676639083386377,0,0,9-125437908-C-T
OR1L3,9,125437913,rs1177614040,T,G,p.Cys169Gly,c.505T>G,missense_variant,,2,251378,7.956145724765095e-06,0,0,9-125437913-T-G
OR1L3,9,125437917,rs776945389,C,T,p.Thr170Ile,c.509C>T,missense_variant,,6,251364,2.3869766553683106e-05,0,0,9-125437917-C-T
OR1L3,9,125437918,rs1455113314,A,G,c.510A>G(p.=),c.510A>G,synonymous_variant,,1,251362,3.978326079518781e-06,0,0,9-125437918-A-G
OR1L3,9,125437919,rs762051708,T,C,p.Ser171Pro,c.511T>C,missense_variant,,1,251358,3.978389388839822e-06,0,0,9-125437919-T-C
OR1L3,9,125437920,rs1401464742,C,G,p.Ser171Ter,c.512C>G,stop_gained,lof_flag,1,251356,3.978421044255956e-06,0,0,9-125437920-C-G
OR1L3,9,125437921,rs1412654875,A,G,c.513A>G(p.=),c.513A>G,synonymous_variant,,1,251366,3.97826277221263e-06,0,0,9-125437921-A-G
OR1L3,9,125437922,rs1334871829,A,T,p.Asn172Tyr,c.514A>T,missense_variant,,1,251348,3.978547670958194e-06,0,0,9-125437922-A-T
OR1L3,9,125437923,rs888676600,A,G,p.Asn172Ser,c.515A>G,missense_variant,,1,251360,3.978357733927435e-06,0,0,9-125437923-A-G
OR1L3,9,125437925,rs780347027,G,A,p.Val173Ile,c.517G>A,missense_variant,,5,251344,1.9893054936660514e-05,0,0,9-125437925-G-A
OR1L3,9,125437926,rs1308716076,T,C,p.Val173Ala,c.518T>C,missense_variant,,1,251348,3.978547670958194e-06,0,0,9-125437926-T-C
OR1L3,9,125437929,rs1334386841,T,C,p.Ile174Thr,c.521T>C,missense_variant,,1,251352,3.97848435659951e-06,0,0,9-125437929-T-C
OR1L3,9,125437930,rs549128498,CCAT,C,p.His176del,c.526_528delCAT,inframe_deletion,,38,251340,0.00015118962361741067,1,0,9-125437930-CCAT-C
OR1L3,9,125437934,rs773296831,C,A,p.His176Asn,c.526C>A,missense_variant,,21,251246,8.358342023355596e-05,1,0,9-125437934-C-A
OR1L3,9,125437935,rs567688158,A,AT,p.Cys179LeufsTer2,c.535dupT,frameshift_variant,lof_flag,48,251092,0.0001911649913179233,0,0,9-125437935-A-AT
OR1L3,9,125437935,rs567688158,AT,A,p.Cys179ValfsTer7,c.535delT,frameshift_variant,lof_flag,26,251092,0.00010354770363054179,0,0,9-125437935-AT-A
OR1L3,9,125437944,rs199763256,G,A,p.Cys179Tyr,c.536G>A,missense_variant,,1,251278,3.979655998535487e-06,0,0,9-125437944-G-A
OR1L3,9,125437948,rs780262120,T,A,p.Asp180Glu,c.540T>A,missense_variant,,1,251304,3.979244261929774e-06,0,0,9-125437948-T-A
OR1L3,9,125437948,rs780262120,T,C,c.540T>C(p.=),c.540T>C,synonymous_variant,,3,251304,1.1937732785789323e-05,0,0,9-125437948-T-C
OR1L3,9,125437949,rs1202327341,G,A,p.Val181Ile,c.541G>A,missense_variant,,1,251260,3.979941096871766e-06,0,0,9-125437949-G-A
OR1L3,9,125437954,rs374999670,C,T,c.546C>T(p.=),c.546C>T,synonymous_variant,,1,251302,3.979275930951604e-06,0,0,9-125437954-C-T
OR1L3,9,125437956,rs766370067,C,T,p.Pro183Leu,c.548C>T,missense_variant,,7,251322,2.7852714843905427e-05,0,0,9-125437956-C-T
OR1L3,9,125437969,rs751576666,G,C,c.561G>C(p.=),c.561G>C,synonymous_variant,,2,251250,7.960199004975124e-06,0,0,9-125437969-G-C
OR1L3,9,125437981,rs369112358,C,A,c.573C>A(p.=),c.573C>A,synonymous_variant,,1,251194,3.980986807009721e-06,0,0,9-125437981-C-A
OR1L3,9,125437981,rs369112358,C,T,c.573C>T(p.=),c.573C>T,synonymous_variant,,4,251194,1.5923947228038885e-05,0,0,9-125437981-C-T
OR1L3,9,125437983,rs752501356,C,G,p.Thr192Ser,c.575C>G,missense_variant,,1,251172,3.981335499179845e-06,0,0,9-125437983-C-G
OR1L3,9,125437989,rs777498475,T,A,p.Val194Asp,c.581T>A,missense_variant,,1,251152,3.981652545072307e-06,0,0,9-125437989-T-A
OR1L3,9,125437992,rs753536771,A,T,p.Asn195Ile,c.584A>T,missense_variant,,1,251138,3.98187450724303e-06,0,0,9-125437992-A-T
OR1L3,9,125437998,rs1477033238,T,C,p.Ile197Thr,c.590T>C,missense_variant,,1,251126,3.982064780229845e-06,0,0,9-125437998-T-C
OR1L3,9,125438010,rs1178429323,C,A,p.Thr201Lys,c.602C>A,missense_variant,,1,251078,3.982826054054915e-06,0,0,9-125438010-C-A
OR1L3,9,125438015,rs372859325,G,A,p.Gly203Arg,c.607G>A,missense_variant,,7,251074,2.788022654675514e-05,0,0,9-125438015-G-A
OR1L3,9,125438016,rs778260658,G,T,p.Gly203Val,c.608G>T,missense_variant,,56,251088,0.00022302937615497357,1,0,9-125438016-G-T
OR1L3,9,125438019,rs76088588,T,A,p.Leu204Gln,c.611T>A,missense_variant,,477,251122,0.0018994751555021065,7,0,9-125438019-T-A
OR1L3,9,125438019,rs76088588,T,C,p.Leu204Pro,c.611T>C,missense_variant,,3,251122,1.1946384625799413e-05,0,0,9-125438019-T-C
OR1L3,9,125438022,rs781555758,C,A,p.Ala205Asp,c.614C>A,missense_variant,,4,251090,1.5930542833247043e-05,0,0,9-125438022-C-A
OR1L3,9,125438025,rs748456792,C,T,p.Ser206Phe,c.617C>T,missense_variant,,1,251082,3.982762603452259e-06,0,0,9-125438025-C-T
OR1L3,9,125438031,rs770009817,T,C,p.Met208Thr,c.623T>C,missense_variant,,2,251136,7.963812436289501e-06,0,0,9-125438031-T-C
OR1L3,9,125438033,rs773493784,G,T,p.Ala209Ser,c.625G>T,missense_variant,,1,251098,3.982508821257039e-06,0,0,9-125438033-G-T
OR1L3,9,125438034,rs1222241909,C,T,p.Ala209Val,c.626C>T,missense_variant,,1,251102,3.982445380761603e-06,0,0,9-125438034-C-T
OR1L3,9,125438036,rs763075537,C,A,p.Pro210Thr,c.628C>A,missense_variant,,2,251136,7.963812436289501e-06,0,0,9-125438036-C-A
OR1L3,9,125438036,rs763075537,C,T,p.Pro210Ser,c.628C>T,missense_variant,,2,251136,7.963812436289501e-06,0,0,9-125438036-C-T
OR1L3,9,125438047,rs1323648196,T,C,c.639T>C(p.=),c.639T>C,synonymous_variant,,3,251158,1.1944672278008266e-05,0,0,9-125438047-T-C
OR1L3,9,125438048,rs774264975,A,G,p.Ile214Val,c.640A>G,missense_variant,,1,251162,3.981494015814494e-06,0,0,9-125438048-A-G
OR1L3,9,125438049,rs759551045,T,C,p.Ile214Thr,c.641T>C,missense_variant,,2,251178,7.962480790515093e-06,0,0,9-125438049-T-C
OR1L3,9,125438049,rs759551045,T,A,p.Ile214Asn,c.641T>A,missense_variant,,1,251178,3.9812403952575465e-06,0,0,9-125438049-T-A
OR1L3,9,125438053,rs1481449061,CATCTCTT,C,p.Ser217Ter,c.650_656delCTTATCT,frameshift_variant,lof_flag,1,251128,3.982033066802587e-06,0,0,9-125438053-CATCTCTT-C
OR1L3,9,125438056,rs1196003428,C,G,p.Ile216Met,c.648C>G,missense_variant,,1,251154,3.9816208382108186e-06,0,0,9-125438056-C-G
OR1L3,9,125438057,rs145723911,T,G,p.Ser217Ala,c.649T>G,missense_variant,,10,251158,3.9815574260027555e-05,0,0,9-125438057-T-G
OR1L3,9,125438062,rs79304977,T,C,c.654T>C(p.=),c.654T>C,synonymous_variant,,1289,251118,0.00513304502265867,45,0,9-125438062-T-C
OR1L3,9,125438062,rs79304977,T,G,p.Tyr218Ter,c.654T>G,stop_gained,lof_flag,1,251118,3.982191638990435e-06,0,0,9-125438062-T-G
OR1L3,9,125438067,rs1201543580,G,A,p.Arg220Lys,c.659G>A,missense_variant,,2,251128,7.964066133605174e-06,0,0,9-125438067-G-A
OR1L3,9,125438069,rs772440091,A,ATTCTCATCGCTG,p.Ile223_Leu226dup,c.668_679dupTCGCTGTTCTCA,inframe_insertion,,1,251140,3.98184279684638e-06,0,0,9-125438069-A-ATTCTCATCGCTG
OR1L3,9,125438070,rs772803259,TTCTCATCGCTGTTCTCAAGATTC,T,p.Ile223SerfsTer26,c.663_685delTCTCATCGCTGTTCTCAAGATTC,frameshift_variant,lof_flag,1,251136,3.9819062181447506e-06,0,0,9-125438070-TTCTCATCGCTGTTCTCAAGATTC-T
OR1L3,9,125438077,rs16912101,C,T,c.669C>T(p.=),c.669C>T,synonymous_variant,,169,251116,0.0006729957469854569,1,0,9-125438077-C-T
OR1L3,9,125438078,rs200264223,G,C,p.Ala224Pro,c.670G>C,missense_variant,,2,251116,7.964446709887065e-06,0,0,9-125438078-G-C
OR1L3,9,125438078,rs200264223,G,A,p.Ala224Thr,c.670G>A,missense_variant,,9,251116,3.584001019449179e-05,0,0,9-125438078-G-A
OR1L3,9,125438081,rs1463777019,G,A,p.Val225Ile,c.673G>A,missense_variant,,2,251118,7.96438327798087e-06,0,0,9-125438081-G-A
OR1L3,9,125438084,rs1168656290,C,T,p.Leu226Phe,c.676C>T,missense_variant,,1,251152,3.981652545072307e-06,0,0,9-125438084-C-T
OR1L3,9,125438087,rs1390500523,A,C,p.Lys227Gln,c.679A>C,missense_variant,,1,251144,3.981779377568248e-06,0,0,9-125438087-A-C
OR1L3,9,125438090,rs1403434237,A,ATTCCAGC,p.Ser230AlafsTer29,c.686_687insAGCTTCC,frameshift_variant,lof_flag,1,251134,3.981937929551554e-06,0,0,9-125438090-A-ATTCCAGC
OR1L3,9,125438092,rs550125655,T,C,c.684T>C(p.=),c.684T>C,synonymous_variant,,1,251154,3.9816208382108186e-06,0,0,9-125438092-T-C
OR1L3,9,125438095,rs1346736956,C,T,c.687C>T(p.=),c.687C>T,synonymous_variant,,2,251134,7.963875859103108e-06,0,0,9-125438095-C-T
OR1L3,9,125438117,rs1399925665,G,A,p.Ala237Thr,c.709G>A,missense_variant,,2,251122,7.964256417199607e-06,0,0,9-125438117-G-A
OR1L3,9,125438118,rs756825056,C,A,p.Ala237Asp,c.710C>A,missense_variant,,2,251114,7.964510142803667e-06,0,0,9-125438118-C-A
OR1L3,9,125438123,rs764831378,T,C,p.Ser239Pro,c.715T>C,missense_variant,,3,251114,1.1946765214205501e-05,0,0,9-125438123-T-C
OR1L3,9,125438124,rs146579093,C,G,p.Ser239Cys,c.716C>G,missense_variant,,1,251108,3.982350223808083e-06,0,0,9-125438124-C-G
OR1L3,9,125438124,rs146579093,C,T,p.Ser239Phe,c.716C>T,missense_variant,,59,251108,0.00023495866320467687,0,0,9-125438124-C-T
OR1L3,9,125438127,rs1264454279,C,T,p.Thr240Ile,c.719C>T,missense_variant,,1,251082,3.982762603452259e-06,0,0,9-125438127-C-T
OR1L3,9,125438137,rs1357037029,C,G,c.729C>G(p.=),c.729C>G,synonymous_variant,,1,251030,3.98358761900968e-06,0,0,9-125438137-C-G
OR1L3,9,125438138,rs1224510486,C,A,p.His244Asn,c.730C>A,missense_variant,,1,251010,3.983905023704235e-06,0,0,9-125438138-C-A
OR1L3,9,125438139,rs1269297691,A,G,p.His244Arg,c.731A>G,missense_variant,,2,251030,7.96717523801936e-06,0,0,9-125438139-A-G
OR1L3,9,125438152,rs532843459,G,A,c.744G>A(p.=),c.744G>A,synonymous_variant,,1,250836,3.986668580267586e-06,0,0,9-125438152-G-A
OR1L3,9,125438170,rs781615022,T,C,c.762T>C(p.=),c.762T>C,synonymous_variant,,1,250892,3.9857787414505045e-06,0,0,9-125438170-T-C
OR1L3,9,125438173,rs1259763386,T,G,p.Ile255Met,c.765T>G,missense_variant,,1,250876,3.9860329405762205e-06,0,0,9-125438173-T-G
OR1L3,9,125438175,rs748652885,G,A,p.Ser256Asn,c.767G>A,missense_variant,,5,250876,1.9930164702881105e-05,0,0,9-125438175-G-A
OR1L3,9,125438175,rs748652885,G,C,p.Ser256Thr,c.767G>C,missense_variant,,2,250876,7.972065881152441e-06,0,0,9-125438175-G-C
OR1L3,9,125438177,rs778092653,T,C,p.Tyr257His,c.769T>C,missense_variant,,4,250922,1.5941208821864963e-05,0,0,9-125438177-T-C
OR1L3,9,125438179,rs749565366,T,C,c.771T>C(p.=),c.771T>C,synonymous_variant,,1,250928,3.985206911942868e-06,0,0,9-125438179-T-C
OR1L3,9,125438183,rs771020185,T,A,p.Tyr259Asn,c.775T>A,missense_variant,,1,250946,3.9849210587138265e-06,0,0,9-125438183-T-A
OR1L3,9,125438184,rs774514841,A,C,p.Tyr259Ser,c.776A>C,missense_variant,,1,250944,3.984952818158633e-06,0,0,9-125438184-A-C
OR1L3,9,125438184,rs774514841,A,G,p.Tyr259Cys,c.776A>G,missense_variant,,4,250944,1.593981127263453e-05,0,0,9-125438184-A-G
OR1L3,9,125438192,rs1366566761,C,T,p.Pro262Ser,c.784C>T,missense_variant,,0,250910,0,0,0,9-125438192-C-T
OR1L3,9,125438193,rs745867724,C,A,p.Pro262His,c.785C>A,missense_variant,,1,250922,3.985302205466241e-06,0,0,9-125438193-C-A
OR1L3,9,125438193,rs745867724,C,T,p.Pro262Leu,c.785C>T,missense_variant,,1,250922,3.985302205466241e-06,0,0,9-125438193-C-T
OR1L3,9,125438210,rs988263462,G,A,p.Val268Ile,c.802G>A,missense_variant,,1,251058,3.9831433373961395e-06,0,0,9-125438210-G-A
OR1L3,9,125438210,rs988263462,G,C,p.Val268Leu,c.802G>C,missense_variant,,3,251058,1.194943001218842e-05,0,0,9-125438210-G-C
OR1L3,9,125438212,rs1363492568,C,T,c.804C>T(p.=),c.804C>T,synonymous_variant,,2,251052,7.966477064512531e-06,0,0,9-125438212-C-T
OR1L3,9,125438216,rs200844629,G,T,p.Asp270Tyr,c.808G>T,missense_variant,,2,251058,7.966286674792279e-06,0,0,9-125438216-G-T
OR1L3,9,125438219,rs764396807,C,T,p.Arg271Ter,c.811C>T,stop_gained,lc_lof,6,251064,2.3898288882516013e-05,0,0,9-125438219-C-T
OR1L3,9,125438220,rs200110272,G,A,p.Arg271Gln,c.812G>A,missense_variant,,41,251070,0.0001633010714143466,0,0,9-125438220-G-A
OR1L3,9,125438224,rs776245958,A,C,c.816A>C(p.=),c.816A>C,synonymous_variant,,1,251112,3.982286788365351e-06,0,0,9-125438224-A-C
OR1L3,9,125438225,rs1292305641,G,T,p.Ala273Ser,c.817G>T,missense_variant,,1,251102,3.982445380761603e-06,0,0,9-125438225-G-T
OR1L3,9,125438229,rs761547196,C,A,p.Thr274Lys,c.821C>A,missense_variant,,3,251114,1.1946765214205501e-05,0,0,9-125438229-C-A
OR1L3,9,125438231,rs373358309,A,G,p.Ile275Val,c.823A>G,missense_variant,,1,251118,3.982191638990435e-06,0,0,9-125438231-A-G
OR1L3,9,125438238,rs749956468,A,G,p.Tyr277Cys,c.830A>G,missense_variant,,1,251134,3.981937929551554e-06,0,0,9-125438238-A-G
OR1L3,9,125438241,rs757916241,C,A,p.Thr278Asn,c.833C>A,missense_variant,,3,251116,1.1946670064830596e-05,0,0,9-125438241-C-A
OR1L3,9,125438243,rs765864346,G,A,p.Val279Met,c.835G>A,missense_variant,,2,251148,7.96343192062051e-06,0,0,9-125438243-G-A
OR1L3,9,125438243,rs765864346,G,T,p.Val279Leu,c.835G>T,missense_variant,,1,251148,3.981715960310255e-06,0,0,9-125438243-G-T
OR1L3,9,125438244,rs74634130,T,C,p.Val279Ala,c.836T>C,missense_variant,,5290,251140,0.021063948395317354,310,0,9-125438244-T-C
OR1L3,9,125438248,rs756583046,G,A,c.840G>A(p.=),c.840G>A,synonymous_variant,,1,251140,3.98184279684638e-06,0,0,9-125438248-G-A
OR1L3,9,125438250,rs147414307,C,T,p.Thr281Ile,c.842C>T,missense_variant,,1,251142,3.98181108695479e-06,0,0,9-125438250-C-T
OR1L3,9,125438253,rs749568103,C,T,p.Ser282Leu,c.845C>T,missense_variant,,2,251098,7.965017642514078e-06,0,0,9-125438253-C-T
OR1L3,9,125438254,rs145132347,A,G,c.846A>G(p.=),c.846A>G,synonymous_variant,,2,251126,7.96412956045969e-06,0,0,9-125438254-A-G
OR1L3,9,125438255,rs779068289,G,A,p.Val283Met,c.847G>A,missense_variant,,4,251118,1.592876655596174e-05,0,0,9-125438255-G-A
OR1L3,9,125438264,rs377450096,C,A,p.Pro286Thr,c.856C>A,missense_variant,,21,251058,8.364601008531892e-05,0,0,9-125438264-C-A
OR1L3,9,125438267,rs772325679,T,C,p.Phe287Leu,c.859T>C,missense_variant,,2,251034,7.967048288279676e-06,0,0,9-125438267-T-C
OR1L3,9,125438269,rs1454735609,T,A,p.Phe287Leu,c.861T>A,missense_variant,,1,251016,3.983809796985053e-06,0,0,9-125438269-T-A
OR1L3,9,125438276,rs79901458,A,T,p.Ser290Cys,c.868A>T,missense_variant,,29,250834,0.00011561431065963945,0,0,9-125438276-A-T
OR1L3,9,125438287,rs139764077,C,T,c.879C>T(p.=),c.879C>T,synonymous_variant,,1010,250630,0.004029844791126362,7,0,9-125438287-C-T
OR1L3,9,125438287,rs139764077,CAA,C,p.Lys294ArgfsTer14,c.881_882delAA,frameshift_variant,lc_lof,1,250630,3.989945337748873e-06,0,0,9-125438287-CAA-C
OR1L3,9,125438297,rs776495690,A,T,p.Lys297Ter,c.889A>T,stop_gained,lc_lof,1,250368,3.994120654396728e-06,0,0,9-125438297-A-T
OR1L3,9,125438300,rs141596002,C,T,p.Arg298Trp,c.892C>T,missense_variant,,11,250002,4.399964800281598e-05,0,0,9-125438300-C-T
OR1L3,9,125438301,rs368246350,G,A,p.Arg298Gln,c.893G>A,missense_variant,,11,249560,4.4077576534701075e-05,0,0,9-125438301-G-A
OR1L3,9,125438301,rs368246350,G,T,p.Arg298Leu,c.893G>T,missense_variant,,1,249560,4.007052412245552e-06,0,0,9-125438301-G-T
OR1L3,9,125438303,rs762576359,G,A,p.Gly299Ser,c.895G>A,missense_variant,,1,249518,4.007726897458299e-06,0,0,9-125438303-G-A
OR1L3,9,125438304,rs1308834338,G,T,p.Gly299Val,c.896G>T,missense_variant,,1,249418,4.0093337289209275e-06,0,0,9-125438304-G-T
OR1L3,9,125438310,rs765917706,A,C,p.Gln301Pro,c.902A>C,missense_variant,,1,247702,4.0371091069107235e-06,0,0,9-125438310-A-C
OR1L3,9,125438311,rs751029996,G,T,p.Gln301His,c.903G>T,missense_variant,,1,247564,4.039359519154643e-06,0,0,9-125438311-G-T
OR1L3,9,125438315,rs761193402,T,C,c.907T>C(p.=),c.907T>C,synonymous_variant,,2,246706,8.106815399706533e-06,0,0,9-125438315-T-C
OR1L3,9,125438316,rs1459983638,T,A,p.Leu303Ter,c.908T>A,stop_gained,lc_lof,1,246530,4.0563014643248285e-06,0,0,9-125438316-T-A
OR1L3,9,125438319,rs1001941077,T,A,p.Ile304Lys,c.911T>A,missense_variant,,1,244628,4.087839495070066e-06,0,0,9-125438319-T-A
OR1L3,9,125438320,rs1480417479,A,G,p.Ile304Met,c.912A>G,missense_variant,,1,244854,4.084066423256308e-06,0,0,9-125438320-A-G
OR1L3,9,125438322,rs754364087,A,G,p.Asn305Ser,c.914A>G,missense_variant,,1,245124,4.079567892168862e-06,0,0,9-125438322-A-G
OR1L3,9,125438322,rs754364087,A,T,p.Asn305Ile,c.914A>T,missense_variant,,4,245124,1.6318271568675447e-05,0,0,9-125438322-A-T
OR1L3,9,125438323,rs150477897,C,T,c.915C>T(p.=),c.915C>T,synonymous_variant,,3,244630,1.226341822343948e-05,0,0,9-125438323-C-T
OR1L3,9,125438330,rs760408965,A,ACAGAAATTGATAAACAAGATAAACCT,p.Lys308ThrfsTer13,c.922_923insCAGAAATTGATAAACAAGATAAACCT,frameshift_variant,lc_lof,1,244376,4.0920548662716466e-06,0,0,9-125438330-A-ACAGAAATTGATAAACAAGATAAACCT
OR1L3,9,125438339,rs779312975,A,G,p.Met311Val,c.931A>G,missense_variant,,1,240178,4.1635786791463e-06,0,0,9-125438339-A-G
OR1L3,9,125438340,rs750650590,T,C,p.Met311Thr,c.932T>C,missense_variant,,1,239476,4.1757837946182495e-06,0,0,9-125438340-T-C
OR1L3,9,125438346,rs199967933,G,A,p.Arg313Lys,c.938G>A,missense_variant,,1,234078,4.272080246755355e-06,0,0,9-125438346-G-A
OR1L3,9,125438355,rs1337012996,C,A,p.Thr316Lys,c.947C>A,missense_variant,,1,225192,4.440655085438204e-06,0,0,9-125438355-C-A
OR1L3,9,125438362,rs558510475,C,A,c.954C>A(p.=),c.954C>A,synonymous_variant,,2,216618,9.23284306936635e-06,0,0,9-125438362-C-A
OR1L3,9,125438364,rs780299684,A,G,p.Asn319Ser,c.956A>G,missense_variant,,1,215998,4.629672496967564e-06,0,0,9-125438364-A-G
OR1L3,9,125438365,rs1299725027,T,A,p.Asn319Lys,c.957T>A,missense_variant,,0,214806,0,0,0,9-125438365-T-A
OR1L3,9,125438373,rs576767931,G,A,p.Cys322Tyr,c.965G>A,missense_variant,,1,204702,4.885150120663208e-06,0,0,9-125438373-G-A
OR1L3,9,125438374,rs768717151,T,C,c.966T>C(p.=),c.966T>C,synonymous_variant,,0,203148,0,0,0,9-125438374-T-C
OR1L3,9,125438378,rs79636164,C,T,p.Pro324Ser,c.970C>T,missense_variant,,4749,196504,0.024167446973089608,293,0,9-125438378-C-T
OR1L3,9,125438379,rs748106525,C,G,p.Pro324Arg,c.971C>G,missense_variant,,2,195688,1.0220350762438167e-05,0,0,9-125438379-C-G
OR1L3,9,125438389,rs759377480,A,AGG,,c.*7_*8dupGG,3_prime_UTR_variant,lcr,7,179592,3.897723729342064e-05,0,0,9-125438389-A-AGG
OR1L3,9,125438390,rs138897879,G,GGA,,c.*8_*9insAG,3_prime_UTR_variant,lcr,5795,97958,0.05915800649257845,171,0,9-125438390-G-GGA
OR1L3,9,125438390,rs138897879,G,GGAGTGTGTGT,,c.*8_*9insAGTGTGTGTG,3_prime_UTR_variant,lcr,263,97958,0.0026848241082913084,7,0,9-125438390-G-GGAGTGTGTGT
OR1L3,9,125438390,rs138897879,G,GGAGTGTGTGTGT,,c.*8_*9insAGTGTGTGTGTG,3_prime_UTR_variant,lcr,146,97958,0.0014904346760856693,4,0,9-125438390-G-GGAGTGTGTGTGT
OR1L3,9,125438390,rs138897879,G,GGT,,c.*34_*35dupGT,3_prime_UTR_variant,lcr,3795,97958,0.038741093121541885,3,0,9-125438390-G-GGT
OR1L3,9,125438390,rs138897879,GGT,G,,c.*34_*35delGT,3_prime_UTR_variant,lcr,21327,97958,0.21771575573204843,0,0,9-125438390-GGT-G
OR1L3,9,125438390,rs138897879,GGTGT,G,,c.*32_*35delGTGT,3_prime_UTR_variant,lcr,1323,97958,0.013505788194940688,3,0,9-125438390-GGTGT-G
OR1L3,9,125438391,rs769530128,G,A,,c.*8G>A,3_prime_UTR_variant,lcr,0,66852,0,0,0,9-125438391-G-A
OR1L3,9,125438391,rs769530128,G,T,,c.*8G>T,3_prime_UTR_variant,lcr,7,66852,0.0001047089092323341,0,0,9-125438391-G-T
OR1L3,9,125438392,rs57989094,T,A,,c.*9T>A,3_prime_UTR_variant,lcr,3093,81814,0.037805265602464125,103,0,9-125438392-T-A
OR1L3,9,125438392,rs57989094,T,G,,c.*9T>G,3_prime_UTR_variant,lcr,31,81814,0.000378908255310827,0,0,9-125438392-T-G
OR1L3,9,125438393,rs770523025,G,A,,c.*10G>A,3_prime_UTR_variant,lcr,1,50330,1.9868865487780646e-05,0,0,9-125438393-G-A
OR1L3,9,125438394,rs773865678,T,A,,c.*11T>A,3_prime_UTR_variant,lcr,237,120826,0.0019614983530034926,0,0,9-125438394-T-A
OR1L3,9,125438394,rs773865678,T,C,,c.*11T>C,3_prime_UTR_variant,lcr,0,120826,0,0,0,9-125438394-T-C
OR1L3,9,125438396,rs758981707,T,A,,c.*13T>A,3_prime_UTR_variant,lcr,47,143500,0.0003275261324041812,0,0,9-125438396-T-A
OR1L3,9,125438398,rs767039498,T,A,,c.*15T>A,3_prime_UTR_variant,lcr,5,148864,3.3587704213241616e-05,0,0,9-125438398-T-A
OR1L3,9,125438399,rs376338327,G,A,,c.*16G>A,3_prime_UTR_variant,lcr,4,148986,2.684816022982025e-05,0,0,9-125438399-G-A
OR1L3,9,125438403,rs1481684993,G,A,,c.*20G>A,3_prime_UTR_variant,lcr,0,150498,0,0,0,9-125438403-G-A
OR1L3,9,125438405,rs762350126,G,A,,c.*22G>A,3_prime_UTR_variant,lcr,2,150158,1.33193036668043e-05,0,0,9-125438405-G-A
OR1L3,9,125438407,rs765552052,G,C,,c.*24G>C,3_prime_UTR_variant,lcr,1,150138,6.660538970813518e-06,0,0,9-125438407-G-C
OR1L3,9,125438409,rs370386069,G,A,,c.*26G>A,3_prime_UTR_variant,lcr,4,149846,2.6694072581183348e-05,0,0,9-125438409-G-A
OR1L3,9,125438417,rs780354641,G,A,,c.*34G>A,3_prime_UTR_variant,lcr,2,125640,1.591849729385546e-05,0,0,9-125438417-G-A
OR1L3,9,125438418,rs766358226,T,TGTGTGTGTG,,c.*35_*36insGTGTGTGTG,3_prime_UTR_variant,,2,125746,1.5905078491562355e-05,0,0,9-125438418-T-TGTGTGTGTG
OR1L3,9,125438418,rs766358226,T,TGTG,,c.*35_*36insGTG,3_prime_UTR_variant,,4,125746,3.181015698312471e-05,0,0,9-125438418-T-TGTG
OR1L3,9,125438418,rs766358226,T,TGTGTGTGTGTGTGTGTG,,c.*35_*36insGTGTGTGTGTGTGTGTG,3_prime_UTR_variant,,1,125746,7.952539245781177e-06,0,0,9-125438418-T-TGTGTGTGTGTGTGTGTG
OR1L3,9,125438418,rs766358226,T,TGTGTGTG,,c.*35_*36insGTGTGTG,3_prime_UTR_variant,,4,125746,3.181015698312471e-05,0,0,9-125438418-T-TGTGTGTG
OR1L3,9,125438418,rs766358226,TTA,T,,c.*36_*37delTA,3_prime_UTR_variant,,0,125746,0,0,0,9-125438418-TTA-T
OR1L3,9,125438418,rs766358226,T,TGTGTG,,c.*35_*36insGTGTG,3_prime_UTR_variant,,3,125746,2.3857617737343532e-05,0,0,9-125438418-T-TGTGTG
OR1L3,9,125438419,rs751825043,T,G,,c.*36T>G,3_prime_UTR_variant,,1,111574,8.962661551974475e-06,0,0,9-125438419-T-G
OR1L3,9,125438422,rs755169636,C,T,,c.*39C>T,3_prime_UTR_variant,,1,107060,9.340556697179152e-06,0,0,9-125438422-C-T
OR1L3,9,125438424,rs374095840,C,A,,c.*41C>A,3_prime_UTR_variant,,1,107636,9.290571927607864e-06,0,0,9-125438424-C-A
OR1L3,9,125438424,rs374095840,C,G,,c.*41C>G,3_prime_UTR_variant,,1,107636,9.290571927607864e-06,0,0,9-125438424-C-G
OR1L3,9,125438424,rs374095840,C,T,,c.*41C>T,3_prime_UTR_variant,,1,107636,9.290571927607864e-06,0,0,9-125438424-C-T
OR1L3,9,125438430,rs748080824,G,A,,c.*47G>A,3_prime_UTR_variant,,2,102648,1.9484062037253527e-05,0,0,9-125438430-G-A
OR1L3,9,125438430,rs748080824,G,GT,,c.*47_*48insT,3_prime_UTR_variant,,0,102648,0,0,0,9-125438430-G-GT
OR1L3,9,125438432,rs1405478951,C,A,,c.*49C>A,3_prime_UTR_variant,,0,100102,0,0,0,9-125438432-C-A
