,consequence,pos,rsid,variant_id,SYMBOL
0,start_lost,4566421,rs148929006,11-4566421-A-G,OR52M1
1,start_lost,4566422,rs200827986,11-4566422-T-C,OR52M1
2,missense_variant,4566424,rs1298634167,11-4566424-C-G,OR52M1
3,synonymous_variant,4566426,rs1296250291,11-4566426-C-G,OR52M1
4,missense_variant,4566427,rs770256440,11-4566427-A-G,OR52M1
5,missense_variant,4566428,rs1391892608,11-4566428-C-T,OR52M1
6,synonymous_variant,4566429,rs951876895,11-4566429-T-C,OR52M1
7,synonymous_variant,4566432,rs371083346,11-4566432-T-C,OR52M1
8,inframe_deletion,4566433,rs759693327,11-4566433-CATA-C,OR52M1
9,missense_variant,4566437,rs1244629903,11-4566437-A-G,OR52M1
10,missense_variant,4566440,rs1292003472,11-4566440-T-A,OR52M1
11,missense_variant,4566440,rs1292003472,11-4566440-T-C,OR52M1
12,synonymous_variant,4566441,rs763208987,11-4566441-C-T,OR52M1
13,missense_variant,4566446,rs7112010,11-4566446-C-T,OR52M1
14,missense_variant,4566448,rs368380160,11-4566448-G-A,OR52M1
15,missense_variant,4566451,rs761978522,11-4566451-C-A,OR52M1
16,missense_variant,4566455,rs767441001,11-4566455-G-A,OR52M1
17,synonymous_variant,4566459,rs1204552621,11-4566459-C-T,OR52M1
18,frameshift_variant,4566459,rs1204552621,11-4566459-CT-C,OR52M1
19,stop_gained,4566464,rs1444035994,11-4566464-G-A,OR52M1
20,synonymous_variant,4566471,rs1184287438,11-4566471-T-C,OR52M1
21,missense_variant,4566472,rs1387249595,11-4566472-G-A,OR52M1
22,missense_variant,4566473,rs760526245,11-4566473-G-A,OR52M1
23,frameshift_variant,4566479,rs752701719,11-4566479-C-CA,OR52M1
24,missense_variant,4566481,rs200331489,11-4566481-G-A,OR52M1
25,missense_variant,4566485,rs766254952,11-4566485-T-G,OR52M1
26,synonymous_variant,4566486,rs1462348812,11-4566486-G-A,OR52M1
27,missense_variant,4566487,rs753664814,11-4566487-G-A,OR52M1
28,synonymous_variant,4566489,rs754719151,11-4566489-G-A,OR52M1
29,frameshift_variant,4566494,rs1451198003,11-4566494-T-TA,OR52M1
30,missense_variant,4566496,rs778727900,11-4566496-C-T,OR52M1
31,synonymous_variant,4566498,rs559376682,11-4566498-C-T,OR52M1
32,missense_variant,4566499,rs138278883,11-4566499-G-A,OR52M1
33,missense_variant,4566502,rs777143959,11-4566502-T-C,OR52M1
34,stop_gained,4566504,rs746440765,11-4566504-G-A,OR52M1
35,synonymous_variant,4566507,rs141300451,11-4566507-C-G,OR52M1
36,missense_variant,4566508,rs1261740218,11-4566508-T-G,OR52M1
37,synonymous_variant,4566510,rs1022694730,11-4566510-C-T,OR52M1
38,missense_variant,4566512,rs758457957,11-4566512-T-C,OR52M1
39,frameshift_variant,4566512,rs758457957,11-4566512-T-TC,OR52M1
40,frameshift_variant,4566512,rs758457957,11-4566512-T-TCC,OR52M1
41,synonymous_variant,4566513,rs11032738,11-4566513-C-A,OR52M1
42,missense_variant,4566513,rs11032738,11-4566513-C-G,OR52M1
43,missense_variant,4566514,rs1409099793,11-4566514-C-T,OR52M1
44,missense_variant,4566515,rs116718999,11-4566515-C-A,OR52M1
45,missense_variant,4566521,rs761878932,11-4566521-G-T,OR52M1
46,missense_variant,4566527,rs772261540,11-4566527-T-C,OR52M1
47,missense_variant,4566527,rs772261540,11-4566527-T-G,OR52M1
48,frameshift_variant,4566530,rs760717450,11-4566530-A-AC,OR52M1
49,missense_variant,4566530,rs760717450,11-4566530-A-G,OR52M1
50,missense_variant,4566532,rs199798647,11-4566532-C-G,OR52M1
51,synonymous_variant,4566534,rs753777298,11-4566534-G-C,OR52M1
52,synonymous_variant,4566534,rs753777298,11-4566534-G-T,OR52M1
53,missense_variant,4566535,rs759417334,11-4566535-G-A,OR52M1
54,missense_variant,4566535,rs759417334,11-4566535-G-C,OR52M1
55,missense_variant,4566538,rs1469216875,11-4566538-G-A,OR52M1
56,missense_variant,4566541,rs1337386146,11-4566541-G-A,OR52M1
57,missense_variant,4566542,rs1407622216,11-4566542-T-C,OR52M1
58,frameshift_variant,4566545,rs1428107094,11-4566545-TG-T,OR52M1
59,missense_variant,4566547,rs1287878028,11-4566547-G-C,OR52M1
60,missense_variant,4566550,rs956153460,11-4566550-A-G,OR52M1
61,missense_variant,4566557,rs752464356,11-4566557-C-T,OR52M1
62,missense_variant,4566557,rs752464356,11-4566557-C-A,OR52M1
63,inframe_insertion,4566559,rs1281755589,11-4566559-A-ATCC,OR52M1
64,missense_variant,4566560,rs1323352666,11-4566560-T-C,OR52M1
65,missense_variant,4566565,rs757969496,11-4566565-G-T,OR52M1
66,missense_variant,4566566,rs1265593255,11-4566566-C-T,OR52M1
67,synonymous_variant,4566567,rs1445303088,11-4566567-T-C,OR52M1
68,synonymous_variant,4566570,rs541996441,11-4566570-G-T,OR52M1
69,frameshift_variant,4566572,rs750999679,11-4566572-TAA-T,OR52M1
70,missense_variant,4566572,rs750999679,11-4566572-T-C,OR52M1
71,stop_gained,4566574,,11-4566574-A-T,OR52M1
72,frameshift_variant,4566576,rs372355867,11-4566576-GA-G,OR52M1
73,synonymous_variant,4566576,rs372355867,11-4566576-G-A,OR52M1
74,missense_variant,4566577,rs1242851853,11-4566577-A-C,OR52M1
75,missense_variant,4566578,rs780562971,11-4566578-T-C,OR52M1
76,missense_variant,4566578,rs780562971,11-4566578-T-G,OR52M1
77,missense_variant,4566578,rs780562971,11-4566578-T-A,OR52M1
78,missense_variant,4566580,rs780014709,11-4566580-G-A,OR52M1
79,missense_variant,4566580,rs780014709,11-4566580-G-C,OR52M1
80,missense_variant,4566583,rs201367695,11-4566583-C-T,OR52M1
81,missense_variant,4566584,rs867004402,11-4566584-G-A,OR52M1
82,frameshift_variant,4566584,rs867004402,11-4566584-GCAGCCTGCAC-G,OR52M1
83,synonymous_variant,4566585,rs748460441,11-4566585-C-T,OR52M1
84,synonymous_variant,4566591,rs375320883,11-4566591-G-T,OR52M1
85,synonymous_variant,4566591,rs375320883,11-4566591-G-A,OR52M1
86,stop_gained,4566595,rs1398415686,11-4566595-C-CAGCCCATGT,OR52M1
87,missense_variant,4566598,rs367950826,11-4566598-C-T,OR52M1
88,missense_variant,4566599,rs141278484,11-4566599-C-T,OR52M1
89,synonymous_variant,4566600,rs1432449368,11-4566600-C-G,OR52M1
90,missense_variant,4566601,rs921381330,11-4566601-A-G,OR52M1
91,missense_variant,4566602,rs371769464,11-4566602-T-A,OR52M1
92,missense_variant,4566604,rs1405956385,11-4566604-T-C,OR52M1
93,stop_gained,4566606,rs776713053,11-4566606-C-G,OR52M1
94,frameshift_variant,4566606,rs776713053,11-4566606-CT-C,OR52M1
95,missense_variant,4566610,rs759540447,11-4566610-T-C,OR52M1
96,synonymous_variant,4566612,,11-4566612-C-T,OR52M1
97,frameshift_variant,4566615,rs751431147,11-4566615-G-GT,OR52M1
98,missense_variant,4566615,rs751431147,11-4566615-G-C,OR52M1
99,synonymous_variant,4566618,rs765182047,11-4566618-C-T,OR52M1
100,missense_variant,4566619,rs1272026329,11-4566619-A-G,OR52M1
101,missense_variant,4566620,rs575238045,11-4566620-T-C,OR52M1
102,missense_variant,4566621,rs150797156,11-4566621-G-A,OR52M1
103,missense_variant,4566624,rs1318882051,11-4566624-G-C,OR52M1
104,synonymous_variant,4566627,,11-4566627-T-C,OR52M1
105,frameshift_variant,4566632,rs756802754,11-4566632-TTGAC-T,OR52M1
106,missense_variant,4566632,rs756802754,11-4566632-T-C,OR52M1
107,missense_variant,4566640,rs763682022,11-4566640-G-C,OR52M1
108,frameshift_variant,4566649,rs780903509,11-4566649-A-ACT,OR52M1
109,missense_variant,4566650,rs1490112427,11-4566650-C-T,OR52M1
110,missense_variant,4566652,rs751173403,11-4566652-T-G,OR52M1
111,synonymous_variant,4566654,rs756776551,11-4566654-C-T,OR52M1
112,missense_variant,4566655,rs138108997,11-4566655-A-C,OR52M1
113,synonymous_variant,4566657,rs754412996,11-4566657-T-C,OR52M1
114,missense_variant,4566662,rs1408030892,11-4566662-C-T,OR52M1
115,synonymous_variant,4566663,rs755464903,11-4566663-C-A,OR52M1
116,synonymous_variant,4566663,rs755464903,11-4566663-C-G,OR52M1
117,missense_variant,4566664,rs1401985020,11-4566664-A-G,OR52M1
118,missense_variant,4566666,rs1161229759,11-4566666-A-T,OR52M1
119,missense_variant,4566667,rs1364604960,11-4566667-C-T,OR52M1
120,synonymous_variant,4566672,rs1425616137,11-4566672-G-T,OR52M1
121,missense_variant,4566674,rs143376500,11-4566674-G-A,OR52M1
122,missense_variant,4566674,rs143376500,11-4566674-G-C,OR52M1
123,frameshift_variant,4566674,rs143376500,11-4566674-G-GA,OR52M1
124,synonymous_variant,4566675,rs1014806556,11-4566675-A-G,OR52M1
125,missense_variant,4566679,rs758751633,11-4566679-T-C,OR52M1
126,missense_variant,4566680,rs1442110987,11-4566680-T-A,OR52M1
127,stop_gained,4566683,rs747186972,11-4566683-G-A,OR52M1
128,missense_variant,4566683,rs747186972,11-4566683-G-C,OR52M1
129,stop_gained,4566684,rs147140643,11-4566684-G-A,OR52M1
130,missense_variant,4566685,rs745846258,11-4566685-T-C,OR52M1
131,synonymous_variant,4566687,rs200796817,11-4566687-C-T,OR52M1
132,missense_variant,4566688,rs185122819,11-4566688-G-A,OR52M1
133,missense_variant,4566689,rs763893984,11-4566689-G-A,OR52M1
134,missense_variant,4566697,rs773882963,11-4566697-G-T,OR52M1
135,missense_variant,4566701,rs761454405,11-4566701-T-C,OR52M1
136,synonymous_variant,4566705,rs1440955642,11-4566705-C-T,OR52M1
137,synonymous_variant,4566706,rs371220403,11-4566706-C-T,OR52M1
138,missense_variant,4566706,rs371220403,11-4566706-C-G,OR52M1
139,synonymous_variant,4566708,rs1384157389,11-4566708-G-A,OR52M1
140,missense_variant,4566709,rs955709161,11-4566709-G-A,OR52M1
141,missense_variant,4566709,rs955709161,11-4566709-G-T,OR52M1
142,missense_variant,4566711,rs2709182,11-4566711-C-A,OR52M1
143,missense_variant,4566711,rs2709182,11-4566711-C-G,OR52M1
144,synonymous_variant,4566711,rs2709182,11-4566711-C-T,OR52M1
145,missense_variant,4566712,rs145962402,11-4566712-G-A,OR52M1
146,missense_variant,4566712,rs145962402,11-4566712-G-T,OR52M1
147,missense_variant,4566713,rs751783645,11-4566713-C-G,OR52M1
148,missense_variant,4566713,rs751783645,11-4566713-C-A,OR52M1
149,missense_variant,4566715,rs139723523,11-4566715-T-A,OR52M1
150,synonymous_variant,4566718,rs61747646,11-4566718-T-C,OR52M1
151,missense_variant,4566722,rs745975715,11-4566722-G-A,OR52M1
152,missense_variant,4566724,rs1289866481,11-4566724-C-A,OR52M1
153,missense_variant,4566728,rs1314483079,11-4566728-T-C,OR52M1
154,missense_variant,4566729,rs769943404,11-4566729-G-T,OR52M1
155,frameshift_variant,4566729,rs769943404,11-4566729-G-GT,OR52M1
156,missense_variant,4566729,rs769943404,11-4566729-G-A,OR52M1
157,synonymous_variant,4566732,rs530863910,11-4566732-C-T,OR52M1
158,missense_variant,4566733,rs749184358,11-4566733-C-T,OR52M1
159,frameshift_variant,4566733,rs749184358,11-4566733-C-CT,OR52M1
160,missense_variant,4566733,rs749184358,11-4566733-C-G,OR52M1
161,frameshift_variant,4566736,rs201534734,11-4566736-AT-A,OR52M1
162,missense_variant,4566737,rs1232026906,11-4566737-T-A,OR52M1
163,missense_variant,4566740,rs552850372,11-4566740-A-G,OR52M1
164,frameshift_variant,4566742,,11-4566742-T-TCCATGTACCTGGTG,OR52M1
165,missense_variant,4566743,rs1337145621,11-4566743-G-C,OR52M1
166,missense_variant,4566743,rs1337145621,11-4566743-G-A,OR52M1
167,synonymous_variant,4566744,rs1195038628,11-4566744-C-T,OR52M1
168,frameshift_variant,4566745,,11-4566745-T-TG,OR52M1
169,frameshift_variant,4566746,rs1477734621,11-4566746-T-TGGTGGGGAATGTGACCATCCTGGCTGTGGTAAAGATAGAACGCAGCC,OR52M1
170,missense_variant,4566748,rs372332679,11-4566748-G-A,OR52M1
171,synonymous_variant,4566750,rs761506271,11-4566750-C-T,OR52M1
172,missense_variant,4566754,rs771686053,11-4566754-G-C,OR52M1
173,missense_variant,4566755,rs1241984064,11-4566755-T-C,OR52M1
174,missense_variant,4566758,rs1444760465,11-4566758-A-G,OR52M1
175,missense_variant,4566763,rs932728604,11-4566763-G-C,OR52M1
176,missense_variant,4566764,rs772815367,11-4566764-G-A,OR52M1
177,missense_variant,4566764,rs772815367,11-4566764-G-C,OR52M1
178,missense_variant,4566766,rs1475269884,11-4566766-A-G,OR52M1
179,missense_variant,4566768,rs147386851,11-4566768-C-G,OR52M1
180,synonymous_variant,4566768,rs147386851,11-4566768-C-T,OR52M1
181,synonymous_variant,4566774,rs753208812,11-4566774-T-G,OR52M1
182,synonymous_variant,4566774,rs753208812,11-4566774-T-C,OR52M1
183,missense_variant,4566775,rs148763961,11-4566775-G-A,OR52M1
184,missense_variant,4566775,rs148763961,11-4566775-G-T,OR52M1
185,missense_variant,4566778,rs924811059,11-4566778-A-G,OR52M1
186,missense_variant,4566787,rs376619942,11-4566787-G-A,OR52M1
187,missense_variant,4566790,rs61751908,11-4566790-C-A,OR52M1
188,missense_variant,4566790,rs61751908,11-4566790-C-T,OR52M1
189,missense_variant,4566791,rs151324476,11-4566791-G-A,OR52M1
190,missense_variant,4566791,rs151324476,11-4566791-G-T,OR52M1
191,synonymous_variant,4566795,rs183265538,11-4566795-C-T,OR52M1
192,missense_variant,4566796,rs61751910,11-4566796-G-A,OR52M1
193,frameshift_variant,4566798,rs769320731,11-4566798-G-GGCCATCTGCAACCCACTACGTC,OR52M1
194,synonymous_variant,4566798,rs769320731,11-4566798-G-A,OR52M1
195,missense_variant,4566799,rs1270537018,11-4566799-G-A,OR52M1
196,missense_variant,4566800,rs1319814560,11-4566800-C-A,OR52M1
197,missense_variant,4566802,rs768616254,11-4566802-A-G,OR52M1
198,synonymous_variant,4566804,rs1262487474,11-4566804-C-T,OR52M1
199,missense_variant,4566806,rs899938712,11-4566806-G-A,OR52M1
200,frameshift_variant,4566807,rs1461339475,11-4566807-C-CA,OR52M1
201,missense_variant,4566810,rs778616616,11-4566810-C-A,OR52M1
202,missense_variant,4566811,rs151081997,11-4566811-C-A,OR52M1
203,missense_variant,4566811,rs151081997,11-4566811-C-T,OR52M1
204,missense_variant,4566812,rs146553669,11-4566812-C-T,OR52M1
205,inframe_deletion,4566812,rs146553669,11-4566812-CACT-C,OR52M1
206,frameshift_variant,4566815,rs779590935,11-4566815-T-TAC,OR52M1
207,synonymous_variant,4566816,rs575796222,11-4566816-A-G,OR52M1
208,missense_variant,4566817,rs201225598,11-4566817-C-T,OR52M1
209,missense_variant,4566818,rs776180864,11-4566818-G-A,OR52M1
210,missense_variant,4566820,rs1176273670,11-4566820-C-T,OR52M1
211,missense_variant,4566828,rs557858131,11-4566828-G-A,OR52M1
212,missense_variant,4566828,rs557858131,11-4566828-G-C,OR52M1
213,synonymous_variant,4566831,rs752063609,11-4566831-G-A,OR52M1
214,synonymous_variant,4566837,rs762280332,11-4566837-T-G,OR52M1
215,synonymous_variant,4566840,rs767924761,11-4566840-T-C,OR52M1
216,missense_variant,4566842,rs750742971,11-4566842-C-T,OR52M1
217,synonymous_variant,4566843,rs1300325911,11-4566843-A-G,OR52M1
218,missense_variant,4566850,rs756347128,11-4566850-G-A,OR52M1
219,missense_variant,4566850,rs756347128,11-4566850-G-T,OR52M1
220,synonymous_variant,4566852,rs766419303,11-4566852-T-G,OR52M1
221,missense_variant,4566853,rs267602886,11-4566853-C-T,OR52M1
222,missense_variant,4566853,rs267602886,11-4566853-C-G,OR52M1
223,missense_variant,4566854,rs1003014199,11-4566854-G-A,OR52M1
224,missense_variant,4566854,rs1003014199,11-4566854-G-C,OR52M1
225,missense_variant,4566854,rs1003014199,11-4566854-G-T,OR52M1
226,frameshift_variant,4566854,rs1003014199,11-4566854-GT-G,OR52M1
227,stop_gained,4566857,rs1324195387,11-4566857-T-A,OR52M1
228,frameshift_variant,4566862,rs772631452,11-4566862-CTTGT-C,OR52M1
229,missense_variant,4566865,rs376068149,11-4566865-G-C,OR52M1
230,synonymous_variant,4566867,rs1349376861,11-4566867-T-C,OR52M1
231,synonymous_variant,4566870,rs61747520,11-4566870-T-C,OR52M1
232,synonymous_variant,4566873,rs758254331,11-4566873-C-T,OR52M1
233,synonymous_variant,4566876,rs369159292,11-4566876-C-G,OR52M1
234,synonymous_variant,4566877,rs145046460,11-4566877-C-A,OR52M1
235,missense_variant,4566877,rs145046460,11-4566877-C-G,OR52M1
236,missense_variant,4566877,rs145046460,11-4566877-C-T,OR52M1
237,missense_variant,4566878,rs138834789,11-4566878-G-A,OR52M1
238,missense_variant,4566880,rs776106570,11-4566880-G-A,OR52M1
239,missense_variant,4566880,rs776106570,11-4566880-G-T,OR52M1
240,missense_variant,4566881,rs745404932,11-4566881-G-T,OR52M1
241,missense_variant,4566883,rs61747524,11-4566883-G-C,OR52M1
242,missense_variant,4566884,rs775000712,11-4566884-T-C,OR52M1
243,missense_variant,4566895,rs762407014,11-4566895-G-A,OR52M1
244,synonymous_variant,4566897,rs768053515,11-4566897-A-C,OR52M1
245,synonymous_variant,4566897,rs768053515,11-4566897-A-G,OR52M1
246,missense_variant,4566902,rs773690316,11-4566902-T-C,OR52M1
247,synonymous_variant,4566903,rs1422448452,11-4566903-G-A,OR52M1
248,synonymous_variant,4566903,rs1422448452,11-4566903-G-T,OR52M1
249,missense_variant,4566904,rs1206320901,11-4566904-C-T,OR52M1
250,frameshift_variant,4566904,rs1206320901,11-4566904-CCT-C,OR52M1
251,frameshift_variant,4566908,rs773433323,11-4566908-TGATGATCC-T,OR52M1
252,missense_variant,4566911,rs1368115288,11-4566911-T-C,OR52M1
253,missense_variant,4566912,rs1224013442,11-4566912-G-A,OR52M1
254,missense_variant,4566913,rs760846540,11-4566913-A-G,OR52M1
255,missense_variant,4566914,rs766659412,11-4566914-T-C,OR52M1
256,missense_variant,4566916,rs201510674,11-4566916-C-T,OR52M1
257,missense_variant,4566917,rs529200501,11-4566917-G-A,OR52M1
258,missense_variant,4566919,rs765237674,11-4566919-C-G,OR52M1
259,synonymous_variant,4566921,rs375663442,11-4566921-G-A,OR52M1
260,missense_variant,4566922,rs374817370,11-4566922-C-T,OR52M1
261,missense_variant,4566923,rs193125511,11-4566923-G-A,OR52M1
262,synonymous_variant,4566925,rs746847644,11-4566925-C-T,OR52M1
263,missense_variant,4566926,rs756953882,11-4566926-T-C,OR52M1
264,synonymous_variant,4566927,rs750209892,11-4566927-G-A,OR52M1
265,missense_variant,4566929,rs143555602,11-4566929-C-T,OR52M1
266,synonymous_variant,4566930,rs745445143,11-4566930-C-G,OR52M1
267,missense_variant,4566935,rs891581617,11-4566935-A-G,OR52M1
268,missense_variant,4566935,rs891581617,11-4566935-A-T,OR52M1
269,missense_variant,4566937,rs769493930,11-4566937-A-G,OR52M1
270,synonymous_variant,4566939,rs61747538,11-4566939-A-G,OR52M1
271,missense_variant,4566940,rs748715319,11-4566940-A-G,OR52M1
272,missense_variant,4566941,rs552361140,11-4566941-C-T,OR52M1
273,missense_variant,4566941,rs552361140,11-4566941-C-G,OR52M1
274,frameshift_variant,4566943,rs761110233,11-4566943-CAT-C,OR52M1
275,synonymous_variant,4566945,rs761128340,11-4566945-T-C,OR52M1
276,frameshift_variant,4566946,rs770991579,11-4566946-G-GT,OR52M1
277,missense_variant,4566950,rs1310793843,11-4566950-T-A,OR52M1
278,synonymous_variant,4566951,rs570901549,11-4566951-C-T,OR52M1
279,missense_variant,4566955,rs776918443,11-4566955-C-T,OR52M1
280,synonymous_variant,4566957,rs759661791,11-4566957-C-T,OR52M1
281,missense_variant,4566959,rs765346292,11-4566959-C-T,OR52M1
282,missense_variant,4566962,rs752739667,11-4566962-A-T,OR52M1
283,stop_gained,4566963,rs762975804,11-4566963-C-A,OR52M1
284,frameshift_variant,4566963,rs762975804,11-4566963-C-CT,OR52M1
285,missense_variant,4566964,rs1251181541,11-4566964-T-G,OR52M1
286,synonymous_variant,4566966,rs996111683,11-4566966-T-C,OR52M1
287,frameshift_variant,4566967,rs1201140540,11-4566967-G-GA,OR52M1
288,synonymous_variant,4566969,rs139988638,11-4566969-G-A,OR52M1
289,missense_variant,4566970,rs1460963582,11-4566970-C-A,OR52M1
290,synonymous_variant,4566972,rs149840329,11-4566972-C-T,OR52M1
291,missense_variant,4566973,rs779854784,11-4566973-A-C,OR52M1
292,missense_variant,4566975,rs1433077862,11-4566975-G-A,OR52M1
293,missense_variant,4566979,rs954598303,11-4566979-G-C,OR52M1
294,missense_variant,4566980,rs757078220,11-4566980-T-C,OR52M1
295,synonymous_variant,4566981,rs780842017,11-4566981-A-G,OR52M1
296,synonymous_variant,4566981,rs780842017,11-4566981-A-T,OR52M1
297,frameshift_variant,4566990,rs1466070891,11-4566990-GAC-G,OR52M1
298,missense_variant,4566992,rs897761713,11-4566992-C-G,OR52M1
299,synonymous_variant,4566993,rs750150423,11-4566993-A-G,OR52M1
300,missense_variant,4566995,rs1451308558,11-4566995-G-T,OR52M1
301,synonymous_variant,4566999,rs377446192,11-4566999-C-T,OR52M1
302,missense_variant,4567000,rs759638209,11-4567000-G-A,OR52M1
303,frameshift_variant,4567000,rs759638209,11-4567000-G-GAC,OR52M1
304,missense_variant,4567000,rs759638209,11-4567000-G-T,OR52M1
305,missense_variant,4567002,rs568160789,11-4567002-C-G,OR52M1
306,missense_variant,4567003,rs535702219,11-4567003-A-G,OR52M1
307,missense_variant,4567004,rs147130538,11-4567004-G-A,OR52M1
308,missense_variant,4567004,rs147130538,11-4567004-G-T,OR52M1
309,missense_variant,4567007,rs747410605,11-4567007-G-C,OR52M1
310,missense_variant,4567007,rs747410605,11-4567007-G-A,OR52M1
311,synonymous_variant,4567008,rs1220973057,11-4567008-G-A,OR52M1
312,missense_variant,4567009,rs771396887,11-4567009-G-A,OR52M1
313,inframe_deletion,4567011,rs765384457,11-4567011-CAAT-C,OR52M1
314,missense_variant,4567013,rs759791297,11-4567013-A-G,OR52M1
315,missense_variant,4567015,rs1280778063,11-4567015-A-C,OR52M1
316,missense_variant,4567018,rs770030113,11-4567018-G-A,OR52M1
317,synonymous_variant,4567020,rs775637210,11-4567020-C-T,OR52M1
318,missense_variant,4567022,rs980058751,11-4567022-A-G,OR52M1
319,missense_variant,4567025,rs200001198,11-4567025-G-A,OR52M1
320,missense_variant,4567025,rs200001198,11-4567025-G-C,OR52M1
321,synonymous_variant,4567026,rs927583725,11-4567026-G-A,OR52M1
322,missense_variant,4567028,rs1031910195,11-4567028-T-A,OR52M1
323,synonymous_variant,4567029,rs138642427,11-4567029-G-A,OR52M1
324,missense_variant,4567031,rs751578969,11-4567031-G-A,OR52M1
325,synonymous_variant,4567035,rs142711847,11-4567035-C-T,OR52M1
326,missense_variant,4567036,rs754923494,11-4567036-G-A,OR52M1
327,frameshift_variant,4567038,rs201099829,11-4567038-CT-C,OR52M1
328,synonymous_variant,4567038,rs201099829,11-4567038-C-T,OR52M1
329,missense_variant,4567043,rs750155291,11-4567043-T-A,OR52M1
330,missense_variant,4567045,rs755932725,11-4567045-G-A,OR52M1
331,missense_variant,4567046,rs1341502179,11-4567046-T-C,OR52M1
332,synonymous_variant,4567047,rs370912565,11-4567047-G-A,OR52M1
333,synonymous_variant,4567050,rs753487690,11-4567050-G-A,OR52M1
334,synonymous_variant,4567053,rs1323467253,11-4567053-C-T,OR52M1
335,missense_variant,4567055,rs201948084,11-4567055-T-C,OR52M1
336,frameshift_variant,4567057,rs764597514,11-4567057-G-GA,OR52M1
337,missense_variant,4567058,rs778285313,11-4567058-A-G,OR52M1
338,synonymous_variant,4567062,rs150743611,11-4567062-A-G,OR52M1
339,missense_variant,4567063,rs771308750,11-4567063-G-T,OR52M1
340,synonymous_variant,4567065,rs781692224,11-4567065-G-A,OR52M1
341,synonymous_variant,4567068,rs139116462,11-4567068-T-C,OR52M1
342,missense_variant,4567069,rs746250924,11-4567069-A-G,OR52M1
343,missense_variant,4567070,rs770085721,11-4567070-T-C,OR52M1
344,synonymous_variant,4567071,rs1191768368,11-4567071-T-A,OR52M1
345,missense_variant,4567072,rs775694306,11-4567072-G-C,OR52M1
346,missense_variant,4567072,rs775694306,11-4567072-G-A,OR52M1
347,missense_variant,4567073,rs1398504855,11-4567073-C-G,OR52M1
348,missense_variant,4567073,rs1398504855,11-4567073-C-T,OR52M1
349,synonymous_variant,4567077,rs749505732,11-4567077-A-G,OR52M1
350,missense_variant,4567078,rs768837030,11-4567078-T-C,OR52M1
351,synonymous_variant,4567080,,11-4567080-C-T,OR52M1
352,missense_variant,4567081,rs774275224,11-4567081-T-A,OR52M1
353,synonymous_variant,4567083,rs761852142,11-4567083-T-C,OR52M1
354,missense_variant,4567084,rs767387487,11-4567084-G-C,OR52M1
355,synonymous_variant,4567086,rs61735146,11-4567086-G-A,OR52M1
356,missense_variant,4567088,rs760564542,11-4567088-T-C,OR52M1
357,missense_variant,4567089,rs1371212709,11-4567089-G-A,OR52M1
358,missense_variant,4567089,rs1371212709,11-4567089-G-C,OR52M1
359,missense_variant,4567090,rs1223322968,11-4567090-A-G,OR52M1
360,synonymous_variant,4567095,rs1310177437,11-4567095-C-T,OR52M1
361,synonymous_variant,4567101,rs766215204,11-4567101-C-T,OR52M1
362,missense_variant,4567102,rs144789231,11-4567102-G-A,OR52M1
363,missense_variant,4567102,rs144789231,11-4567102-G-T,OR52M1
364,missense_variant,4567106,rs764839798,11-4567106-T-A,OR52M1
365,missense_variant,4567106,rs764839798,11-4567106-T-C,OR52M1
366,missense_variant,4567107,rs34601471,11-4567107-G-A,OR52M1
367,missense_variant,4567108,rs1222192678,11-4567108-G-C,OR52M1
368,missense_variant,4567109,rs757871850,11-4567109-G-C,OR52M1
369,missense_variant,4567109,rs757871850,11-4567109-G-A,OR52M1
370,synonymous_variant,4567110,rs781560181,11-4567110-G-T,OR52M1
371,missense_variant,4567112,rs1177477097,11-4567112-T-C,OR52M1
372,missense_variant,4567114,rs746306338,11-4567114-G-A,OR52M1
373,missense_variant,4567115,rs756537964,11-4567115-C-G,OR52M1
374,missense_variant,4567115,rs756537964,11-4567115-C-A,OR52M1
375,missense_variant,4567118,rs749559095,11-4567118-C-T,OR52M1
376,frameshift_variant,4567120,rs1406340694,11-4567120-C-CCTGAG,OR52M1
377,missense_variant,4567123,rs1326064391,11-4567123-G-A,OR52M1
378,missense_variant,4567125,rs768730986,11-4567125-G-T,OR52M1
379,synonymous_variant,4567125,rs768730986,11-4567125-G-A,OR52M1
380,missense_variant,4567130,rs144526139,11-4567130-G-A,OR52M1
381,missense_variant,4567130,rs144526139,11-4567130-G-C,OR52M1
382,missense_variant,4567133,rs1332097451,11-4567133-T-A,OR52M1
383,synonymous_variant,4567140,rs61734243,11-4567140-C-A,OR52M1
384,synonymous_variant,4567140,rs61734243,11-4567140-C-G,OR52M1
385,synonymous_variant,4567140,rs61734243,11-4567140-C-T,OR52M1
386,synonymous_variant,4567141,rs1244047472,11-4567141-C-T,OR52M1
387,synonymous_variant,4567143,rs766337897,11-4567143-G-A,OR52M1
388,missense_variant,4567145,rs1355303861,11-4567145-G-A,OR52M1
389,synonymous_variant,4567146,rs1166667153,11-4567146-G-A,OR52M1
390,missense_variant,4567148,rs1228709886,11-4567148-C-T,OR52M1
391,missense_variant,4567150,rs140013278,11-4567150-T-C,OR52M1
392,missense_variant,4567150,rs140013278,11-4567150-T-G,OR52M1
393,synonymous_variant,4567152,rs61734237,11-4567152-C-T,OR52M1
394,missense_variant,4567153,rs375588754,11-4567153-G-A,OR52M1
395,missense_variant,4567153,rs375588754,11-4567153-G-T,OR52M1
396,missense_variant,4567154,rs757850649,11-4567154-C-T,OR52M1
397,frameshift_variant,4567158,rs145064459,11-4567158-T-TCA,OR52M1
398,missense_variant,4567159,rs763655755,11-4567159-C-T,OR52M1
399,missense_variant,4567160,rs1255376119,11-4567160-A-C,OR52M1
400,synonymous_variant,4567164,rs116233731,11-4567164-C-T,OR52M1
401,missense_variant,4567166,rs756589356,11-4567166-G-T,OR52M1
402,synonymous_variant,4567170,rs368146080,11-4567170-C-A,OR52M1
403,frameshift_variant,4567170,rs368146080,11-4567170-C-CA,OR52M1
404,synonymous_variant,4567170,rs368146080,11-4567170-C-G,OR52M1
405,synonymous_variant,4567173,rs1165385256,11-4567173-C-A,OR52M1
406,synonymous_variant,4567174,rs372025195,11-4567174-C-T,OR52M1
407,frameshift_variant,4567179,rs1303616619,11-4567179-C-CT,OR52M1
408,missense_variant,4567179,rs1303616619,11-4567179-C-G,OR52M1
409,missense_variant,4567181,rs1332704475,11-4567181-T-A,OR52M1
410,missense_variant,4567183,rs755321327,11-4567183-T-C,OR52M1
411,missense_variant,4567184,rs375091377,11-4567184-A-G,OR52M1
412,stop_gained,4567185,rs12295898,11-4567185-T-A,OR52M1
413,synonymous_variant,4567185,rs12295898,11-4567185-T-C,OR52M1
414,missense_variant,4567186,rs577886791,11-4567186-G-A,OR52M1
415,missense_variant,4567193,rs111748026,11-4567193-T-C,OR52M1
416,missense_variant,4567196,rs1285703511,11-4567196-C-T,OR52M1
417,synonymous_variant,4567197,rs1337284669,11-4567197-T-C,OR52M1
418,missense_variant,4567198,rs367731643,11-4567198-G-T,OR52M1
419,synonymous_variant,4567200,rs1217922881,11-4567200-T-C,OR52M1
420,missense_variant,4567205,rs746994385,11-4567205-C-A,OR52M1
421,missense_variant,4567205,rs746994385,11-4567205-C-T,OR52M1
422,frameshift_variant,4567206,rs1319307727,11-4567206-CCT-C,OR52M1
423,synonymous_variant,4567209,rs1201263746,11-4567209-G-A,OR52M1
424,missense_variant,4567210,rs771021252,11-4567210-A-C,OR52M1
425,missense_variant,4567213,rs1467156606,11-4567213-C-T,OR52M1
426,frameshift_variant,4567216,rs145007820,11-4567216-C-CG,OR52M1
427,stop_gained,4567216,rs145007820,11-4567216-C-T,OR52M1
428,missense_variant,4567217,rs1442619258,11-4567217-G-A,OR52M1
429,missense_variant,4567220,rs759259134,11-4567220-T-G,OR52M1
430,synonymous_variant,4567221,rs879112155,11-4567221-T-C,OR52M1
431,missense_variant,4567223,rs142202693,11-4567223-G-C,OR52M1
432,missense_variant,4567223,rs142202693,11-4567223-G-A,OR52M1
433,missense_variant,4567223,rs142202693,11-4567223-G-T,OR52M1
434,frameshift_variant,4567224,rs757110766,11-4567224-T-TCA,OR52M1
435,synonymous_variant,4567227,rs1426411671,11-4567227-G-A,OR52M1
436,missense_variant,4567228,rs1468257238,11-4567228-T-G,OR52M1
437,frameshift_variant,4567232,rs767032159,11-4567232-T-TG,OR52M1
438,missense_variant,4567234,rs763641824,11-4567234-C-T,OR52M1
439,missense_variant,4567234,rs763641824,11-4567234-C-G,OR52M1
440,missense_variant,4567235,rs202110499,11-4567235-C-G,OR52M1
441,missense_variant,4567235,rs202110499,11-4567235-C-T,OR52M1
442,frameshift_variant,4567236,rs146677652,11-4567236-T-TC,OR52M1
443,synonymous_variant,4567239,rs766895739,11-4567239-T-C,OR52M1
444,missense_variant,4567241,rs754313349,11-4567241-C-A,OR52M1
445,synonymous_variant,4567242,rs560126880,11-4567242-A-T,OR52M1
446,missense_variant,4567244,rs752924841,11-4567244-T-C,OR52M1
447,frameshift_variant,4567248,rs1476048423,11-4567248-C-CA,OR52M1
448,synonymous_variant,4567251,rs758627118,11-4567251-T-A,OR52M1
449,missense_variant,4567253,rs778043020,11-4567253-T-C,OR52M1
450,synonymous_variant,4567254,rs371711503,11-4567254-G-C,OR52M1
451,synonymous_variant,4567254,rs371711503,11-4567254-G-A,OR52M1
452,missense_variant,4567259,rs202126937,11-4567259-C-G,OR52M1
453,missense_variant,4567259,rs202126937,11-4567259-C-T,OR52M1
454,missense_variant,4567261,rs1488127910,11-4567261-A-G,OR52M1
455,missense_variant,4567262,rs781275330,11-4567262-A-C,OR52M1
456,missense_variant,4567262,rs781275330,11-4567262-A-G,OR52M1
457,synonymous_variant,4567263,rs370045854,11-4567263-C-T,OR52M1
458,frameshift_variant,4567265,rs755807678,11-4567265-TC-T,OR52M1
459,missense_variant,4567266,rs769534478,11-4567266-C-A,OR52M1
460,synonymous_variant,4567266,rs769534478,11-4567266-C-T,OR52M1
461,synonymous_variant,4567269,rs775331137,11-4567269-T-C,OR52M1
462,stop_gained,4567269,rs775331137,11-4567269-T-A,OR52M1
463,inframe_deletion,4567269,rs775331137,11-4567269-TCTC-T,OR52M1
464,missense_variant,4567270,rs1198865062,11-4567270-C-T,OR52M1
465,synonymous_variant,4567275,rs1460409748,11-4567275-C-T,OR52M1
466,missense_variant,4567276,rs768330742,11-4567276-A-G,OR52M1
467,frameshift_variant,4567277,rs931719388,11-4567277-TTCCTCCAA-T,OR52M1
468,missense_variant,4567279,rs773945468,11-4567279-C-A,OR52M1
469,missense_variant,4567282,rs372006901,11-4567282-C-G,OR52M1
470,missense_variant,4567285,rs747279517,11-4567285-A-G,OR52M1
471,missense_variant,4567295,rs754373122,11-4567295-C-T,OR52M1
472,missense_variant,4567300,rs1362264164,11-4567300-G-T,OR52M1
473,missense_variant,4567303,rs760077704,11-4567303-T-C,OR52M1
474,synonymous_variant,4567305,rs146105580,11-4567305-T-C,OR52M1
475,missense_variant,4567312,rs538523839,11-4567312-C-T,OR52M1
476,missense_variant,4567313,rs78242421,11-4567313-G-A,OR52M1
477,synonymous_variant,4567314,rs778151129,11-4567314-C-A,OR52M1
478,missense_variant,4567315,rs1352504981,11-4567315-A-T,OR52M1
479,synonymous_variant,4567317,rs751761949,11-4567317-C-G,OR52M1
480,missense_variant,4567318,rs375155699,11-4567318-A-G,OR52M1
481,synonymous_variant,4567320,rs781407311,11-4567320-G-A,OR52M1
482,synonymous_variant,4567323,rs745839499,11-4567323-G-A,OR52M1
483,missense_variant,4567325,rs561704678,11-4567325-T-A,OR52M1
484,stop_gained,4567327,rs372152267,11-4567327-C-T,OR52M1
485,missense_variant,4567328,rs199531820,11-4567328-G-A,OR52M1
486,synonymous_variant,4567332,,11-4567332-G-A,OR52M1
487,frameshift_variant,4567332,,11-4567332-GA-G,OR52M1
488,frameshift_variant,4567333,rs768382109,11-4567333-A-AG,OR52M1
489,missense_variant,4567333,rs768382109,11-4567333-A-C,OR52M1
490,missense_variant,4567334,rs1379815080,11-4567334-G-A,OR52M1
491,missense_variant,4567335,rs2657167,11-4567335-C-A,OR52M1
492,frameshift_variant,4567335,rs2657167,11-4567335-C-CG,OR52M1
493,missense_variant,4567335,rs2657167,11-4567335-C-G,OR52M1
494,missense_variant,4567336,rs1440519782,11-4567336-C-G,OR52M1
495,frameshift_variant,4567338,rs1160747544,11-4567338-TC-T,OR52M1
496,missense_variant,4567339,rs1052754001,11-4567339-C-A,OR52M1
497,frameshift_variant,4567339,rs1052754001,11-4567339-C-CT,OR52M1
498,synonymous_variant,4567341,rs1381922793,11-4567341-C-A,OR52M1
499,stop_gained,4567342,rs1456208852,11-4567342-C-T,OR52M1
500,missense_variant,4567343,rs771631058,11-4567343-A-G,OR52M1
501,frameshift_variant,4567346,rs998426522,11-4567346-T-TA,OR52M1
502,missense_variant,4567347,rs1387951801,11-4567347-A-G,OR52M1
503,missense_variant,4567348,rs1328655820,11-4567348-C-T,OR52M1
504,missense_variant,4567348,rs1328655820,11-4567348-C-A,OR52M1
505,frameshift_variant,4567349,rs1027442050,11-4567349-CA-C,OR52M1
506,synonymous_variant,4567350,rs772759595,11-4567350-A-G,OR52M1
507,synonymous_variant,4567351,rs1311020597,11-4567351-A-C,OR52M1
508,missense_variant,4567352,rs1320224827,11-4567352-G-T,OR52M1
509,synonymous_variant,4567353,rs760005264,11-4567353-G-A,OR52M1
510,missense_variant,4567353,rs760005264,11-4567353-G-C,OR52M1
511,missense_variant,4567356,rs1266498027,11-4567356-A-G,OR52M1
512,missense_variant,4567358,rs1489741619,11-4567358-A-C,OR52M1
513,inframe_deletion,4567359,rs148181600,11-4567359-AATGAAGATT-A,OR52M1
514,missense_variant,4567362,rs765807772,11-4567362-G-A,OR52M1
515,synonymous_variant,4567365,rs372863280,11-4567365-G-A,OR52M1
516,missense_variant,4567365,rs372863280,11-4567365-G-C,OR52M1
517,missense_variant,4567366,rs764546436,11-4567366-A-T,OR52M1
518,stop_lost,4567369,rs778345025,11-4567369-AGAT-A,OR52M1
519,missense_variant,4567370,rs143452165,11-4567370-G-A,OR52M1
520,missense_variant,4567371,rs1163829672,11-4567371-A-C,OR52M1
521,stop_lost,4567373,rs1368879801,11-4567373-G-C,OR52M1
